PCA1,PCA2,Cell Number,Convexity_MA,Cluster
2.210952897286041,-2.0664849214423446,1,0.972866955643226,2
2.2300346262263533,-2.0929306230087383,1,0.9680015436431104,2
1.480540218815733,-2.119089620857565,1,0.9736092909493184,2
1.0508643671990991,-2.148710691455314,1,0.97492176383976,2
0.8081690343043161,-2.1705878516067436,1,0.97455380363024,2
0.33345599539214454,-2.2089101657607655,1,0.9745968050600268,2
0.14355553494588458,-2.256225898924895,1,0.9762636697887366,2
0.41137493688043014,-2.2818578086985424,1,0.9739868367431376,2
0.7153767709864456,-2.305410484142696,1,0.973065690821365,2
0.9932368607395888,-2.338611239624875,1,0.975161872979218,2
0.4421615608223325,-1.4111557207442607,1,0.9511964511137624,2
0.12275849096017356,-1.4143710556941878,1,0.9528328556204556,2
-0.0010492264148169895,-1.278654235304063,1,0.9478851619618563,2
0.2451397283137227,-0.584533109023384,1,0.9180658712063294,2
0.5023602493199387,0.123340615088097,1,0.886384696314962,0
1.5590925505903592,-0.14893082593516813,1,0.8825805200624763,0
1.818347034793496,0.28553831688749537,1,0.8694560336508113,0
1.8901861512594087,0.5181979037423647,1,0.8681807448735348,0
1.6635151761918356,0.2911290915406677,1,0.8841629930396774,0
1.5027728291635691,0.2523787595795848,1,0.8865992388845921,0
1.2597826988940208,0.360712694791198,1,0.8827564040708966,0
0.18856873372574712,1.6757967401587979,1,0.8323955899864206,0
-1.3256295823361255,2.4105046380560657,1,0.8256215859555338,1
-3.4215109711592,0.4116647131150926,2,0.967664652478066,1
-3.33908807875944,0.43691555991914677,2,0.961058242488776,1
-3.011908190097142,0.8422799815355017,2,0.9284763547460771,1
-2.7459662137193197,1.3896095088884401,2,0.8902050649890606,1
-2.8276847131733174,1.1772053862505676,2,0.9007875690958872,1
-2.709247171699906,1.3136990733995837,2,0.8887208256308792,1
-2.560342872987763,1.4652478231275872,2,0.8775336452894358,1
-2.6617835718979164,1.3583483997171808,2,0.8884371817155262,1
-2.3087956684968804,1.1155934305583945,2,0.8941747138210276,1
-1.7958257148255943,1.3781911656805903,2,0.872880708096887,1
-1.707874122104785,1.275805637268697,2,0.8810344421900502,1
-1.5955489336118955,1.3574179281682548,2,0.8758136764694004,1
-1.4283788871855547,1.715112384942865,2,0.850924803999435,1
-1.9790245935852262,1.6493164753810134,2,0.8716345668659157,1
-2.597665306800525,1.2757693353475876,2,0.9028110267177044,1
-2.7248779249142068,1.7770459777466276,2,0.8765280146441954,1
-2.990838292597125,1.9766927528627174,2,0.8725077232458462,1
-2.9681897965461714,1.943143241743191,2,0.8754404060244086,1
-2.64821146123251,2.214294099668917,2,0.8496719806579163,1
-2.41789474224566,3.151393426373077,2,0.7979603846639292,1
-2.388996818876382,2.6623311965287915,2,0.8263220162325753,1
-2.4600066910304323,2.0896069796111703,2,0.8553558718684748,1
-2.4934238227413266,2.221978239921657,2,0.8480490149155948,1
-2.5839333684638444,2.5182098289685655,2,0.83570413886906,1
-2.6607465359406057,2.134103210889859,2,0.8585814615232825,1
-2.555797164356588,2.3035492716776678,2,0.8451363850598325,1
-2.2639318719490147,2.612614858881575,2,0.8244237105807664,1
-1.9563217380545113,2.0417663341928924,2,0.8494468204442269,1
-2.224548139281759,1.0835751530262778,2,0.904591496552108,1
-2.3041874297814107,0.4693784408138148,2,0.933673734816319,1
-2.1589764820237805,-0.017210604295232284,2,0.951817132138148,1
-2.0252725949145023,-0.39575042634505714,2,0.9670872943598836,1
-2.262010334218067,-0.6045683635445541,2,0.9833036290532362,1
-2.2180021876657716,-0.5798451501997239,2,0.9832653253116764,1
-2.1633016696614122,-0.5501763418252347,2,0.9829388342040384,1
-2.4447552148006704,-0.45627111497137235,2,0.9853949042216896,1
-2.7171415226064357,-0.420640084529946,2,0.9875538572931284,1
-3.0360685405476233,-0.4152663964006324,2,0.9899956566559064,1
-3.107028408893025,-0.4412247616548202,2,0.9899644491592292,1
-3.131896248662474,-0.41715965972350383,2,0.9893332093912812,1
-3.075847435781357,-0.34721827383668447,2,0.9870538084526536,1
-3.068072327672156,-0.2800814801583508,2,0.9873484848090128,1
-2.369815084524077,-0.3298046240517392,2,0.9763446686011882,1
-2.3067968712957314,-0.2731812861446119,2,0.974884198505659,1
-1.5710127801339135,-0.3357057833032551,2,0.9633227752083314,1
-0.9586573904939404,-0.4353612985467619,2,0.9511631050660933,1
-0.9285957031905346,-0.4921215639928926,2,0.9523351962891424,1
-1.4568433559209215,-0.41663281344581105,2,0.96177987865393,1
-0.7031117143651596,-0.4097597997354494,2,0.9437458740959056,1
-0.6909723297664553,-0.32998487774465923,2,0.9371545698163088,1
-1.0705191525654913,-0.31921009002092343,2,0.9477466927968184,1
-0.8531286306428905,-0.3617818792047468,2,0.9450734831225274,1
-0.7788587176902635,-0.3308058326871746,2,0.9442802298668764,1
-0.740340983338239,-0.45629964000120116,2,0.952109549125746,1
-0.8768178234952801,-0.5509428375365621,2,0.963660783308333,1
-0.46125389109044984,-0.5993304506414033,2,0.961682974683546,2
-0.06188972391408568,-0.6574371879371226,2,0.9598545374912468,2
0.47045699033672816,-0.7853973792166135,2,0.957154489863476,2
-0.14279514012371664,-0.7673531615147489,2,0.9608557253321328,2
-0.021511795107836545,-0.7892926881509855,2,0.9624208825062968,2
0.004262447468367611,-0.7861074914079147,2,0.9623116018849088,2
0.032184743708760066,-0.7865708833305292,2,0.9616053887049698,2
0.10851018177978987,-0.7734684231215316,2,0.9596027240349708,2
0.3699801109644632,-0.6568760796967518,2,0.9600129403140384,2
0.016812393797887647,-0.4933418713428031,2,0.9567952954364408,2
-0.29393559925595203,-0.29690743365121747,2,0.9488286199699544,0
-0.7986224597264916,-0.1296650124601549,2,0.9490185199192274,1
-1.276026127037169,0.3131704413459257,2,0.9282349469753196,1
-1.5521394185754542,0.3369988467041422,2,0.9296520318613276,1
-1.7244392165546607,0.3278910208960637,2,0.932460586489201,1
-1.379236217826667,0.3209182438792616,2,0.9224784132154604,1
-0.955546193072449,0.4480690906393048,2,0.9007576844005818,1
-0.634668425565529,0.2953241562452204,2,0.9010457812789788,1
-0.4915526370445982,0.3841294628384383,2,0.8917951823094661,0
0.1699061875917444,0.6876033320037952,2,0.8587953020545583,0
-0.10694964542912146,1.0370403177907108,2,0.8493335068315838,0
-0.27583589917020895,0.9668537708147646,2,0.8610573603817302,0
-0.3805633854118364,0.9506945334843316,2,0.8679823934151317,0
-0.1911962660986844,1.0608438282893915,2,0.8572495465204956,0
-0.517113768709437,0.897101235296395,2,0.8734965826563469,0
-1.7447724627137415,-0.6681603621275184,3,0.9769292688406838,1
-1.3825139910686062,-0.1695462337316219,3,0.9368630290587324,1
-0.41055888379189814,-0.1400739062165908,3,0.9176042075660478,0
-0.4948013268862947,-0.11206407290015008,3,0.9212663204470988,1
-0.832170424833863,-0.20978116753859913,3,0.9337462791463744,1
-0.07978514090205793,-0.17985483997362123,3,0.9221046437336452,0
0.54688505685339,-0.3271511799865064,3,0.9244665490653222,0
-0.18329093871299798,-0.4519002126097365,3,0.946908245973162,2
-0.7887548740752762,-0.5214083402717907,3,0.9586645247098884,1
-0.08577198963734159,-0.5051464023064914,3,0.945552193966632,2
-0.17886141757575622,-0.4861899095990311,3,0.943582164719255,2
-0.3130939638241188,-0.5797574728418402,3,0.9509197218289802,2
0.5374250673297989,-0.43545631477800745,3,0.9273897644151616,2
1.5945807445390607,-0.47517308663640956,3,0.9117650121550483,2
0.8915158496312415,-0.3476975517684578,3,0.9204318364861128,0
0.2677632808479135,-0.3219538123520385,3,0.92652826448749,0
-0.21939731875905752,-0.37140881789033864,3,0.9352090249850464,0
-1.1936811179354858,-0.49629301860116853,3,0.9564841316000644,1
-1.7227735877595989,-0.5996679301958611,3,0.9720782200263204,1
-1.4849908499237734,-0.8324348966484668,3,0.976465196195238,1
-1.5520724266280572,-0.949408857698407,3,0.9860796372727731,1
-1.7014967884876626,-0.9422386587256171,3,0.9866535635951574,1
-1.4469474272280078,-0.9483417141131685,3,0.982345347663628,1
-1.5909409302355708,-0.9234453347034979,3,0.9803456587308498,1
-1.6797942968512325,-0.8293570352628696,3,0.9756701997558368,1
-1.8177503618380657,-0.831012766260025,3,0.9764261363323626,1
-1.9635930015039196,-0.780332265080192,3,0.9745010327001928,1
-1.5315393950318068,-0.7754262393790701,3,0.96743309600004,1
-1.0259732005375763,-0.7816317708396987,3,0.9607823277815896,1
-0.426943122579249,-0.6419052836597487,3,0.9400619144637464,2
-0.2645183637217435,-0.6603353920341842,3,0.9362047973534138,2
-0.12720402547624263,-0.5658720450815911,3,0.9268630517604376,2
-0.5977387249675727,-0.5475969143833626,3,0.930993606288596,1
-1.1372976341813585,-0.5313394196532305,3,0.9363601868365284,1
-1.8136175607005403,-0.6780945970716381,3,0.956826116497984,1
-1.8016571513605486,-0.6682988322522532,3,0.9567926411263168,1
-1.768058392369283,-0.7929924328484211,3,0.9625576820990388,1
-1.450223121859427,-0.5024373979341569,3,0.9386241345219452,1
-1.0656761398803527,-0.2625068912376253,3,0.9183344698204156,1
-0.8775719533780456,-0.19296593372938703,3,0.9084950084795316,1
-0.7279728414353056,-0.12305575617022278,3,0.9011928706641206,1
-0.5878312944078649,-0.13003685891663508,3,0.9011207063351576,1
-0.9587950811681335,-0.43388479694997273,3,0.9292264451012848,1
-0.6817451155489491,-0.3478348734699586,3,0.9176741796111104,1
-0.9372646797484664,-0.31408726828531364,3,0.925237799278692,1
-0.5501530291148654,-0.2320468406053266,3,0.9182783215297198,1
-0.9497237826657119,-0.05747899726270841,3,0.92085846026261,1
-1.1533375466289535,0.010855138559600954,3,0.9227487162926548,1
-1.368060367966405,-0.2891936808765795,3,0.9506386263802116,1
-0.5944577436188369,-0.09674517162878986,3,0.9259793020219612,1
-0.7017049764085994,-0.0722244575843433,3,0.926067622681203,1
0.12288260800457242,-0.22316604288949915,3,0.918010077189009,0
0.734629673827909,-0.36157146573971394,3,0.9146450351399132,0
0.8027060714414817,-0.28565015086609324,3,0.9062665961168426,0
0.5393246620179665,-0.5950806576718878,3,0.9294538192273312,2
-0.09035329608861818,-0.7097845083163962,3,0.9452349957206392,2
-0.7453053155610244,-0.6715289959717539,3,0.9533127165793156,1
-1.0443671661914842,-0.4502821841576103,3,0.9438733208024565,1
-1.4121092976327259,-0.11220163842402459,3,0.9300302052287228,1
-1.2923210369340792,0.01841926572816599,3,0.916368871730224,1
-0.9329187160424625,-0.0471548484094557,3,0.9133309766360604,1
-0.6221889819175392,-0.005327857681064332,3,0.904268458193679,1
-0.43523894442715466,-0.1791359154949815,3,0.9117195277533532,0
-0.46296238209249807,-0.39958999480441304,3,0.9230683278525512,1
-1.0078383499993995,-0.3781808863058889,3,0.932299687205318,1
-0.9999482952863799,-0.09014735732320377,3,0.9147807191321544,1
-0.8917153057531176,-0.06674089065654545,3,0.9100670835418744,1
-0.9409603641017777,0.11483292689059545,3,0.9012633910456032,1
-1.0320532936612308,-0.05302332443079879,3,0.9152528074578432,1
-0.9880462623073888,-0.08007154157766236,3,0.9164645552553023,1
-1.1302645755636158,-0.2501185658661873,3,0.9310430053342662,1
-1.3756236443473702,-0.24795030546674113,3,0.9380941703521536,1
-1.3713810576596643,-0.28049569576851013,3,0.9396024680791454,1
-1.0395789591456577,-0.17571642272678317,3,0.9266265942142868,1
-1.3948187210144762,-0.1676676803847669,3,0.9310869229935028,1
-0.8351409529112852,-0.0346975739979858,3,0.9190067150222856,1
-0.9230528062242805,0.10128262575141432,3,0.9151883953401836,1
-1.4134500644591568,0.1545984086750346,3,0.923804909997904,1
-2.0164623572130735,0.1875210382941996,3,0.9359651453031288,1
-1.530055627068557,0.12330612245928561,3,0.9343298806292796,1
-2.614318340338111,0.051616549014808104,3,0.9537217716858384,1
-3.083498898404029,-0.05130095953240616,3,0.9675768905244236,1
-3.1249829366644315,-0.002467283696277168,3,0.9633537252552896,1
-3.3187147642664576,-0.053574658145452904,3,0.9676753552425934,1
-3.733509105143637,-0.12087742114893875,3,0.9761823539635324,1
-3.6118181515370384,-0.1415044284106391,3,0.9720910139746372,1
-2.955108538366905,-0.019934801448200312,3,0.9463350695463172,1
-2.8555279415949473,-0.041597785085633034,3,0.945431464966594,1
-2.2858262085726593,-0.05861453890252152,3,0.930217420378606,1
-2.326458943488475,0.24499797508596544,3,0.9145798321020984,1
-2.356443601763862,0.37518787885498517,3,0.9080934894601296,1
-2.979916973221661,0.2801193772936092,3,0.9271515163014464,1
-2.7491408294252495,0.4863417348499208,3,0.91003803322178,1
-3.097220692967075,0.5615258140108063,3,0.9194067406064492,1
-2.769004560130258,0.30909667530851986,3,0.9299761125291752,1
-2.4050526649768864,0.27923707328490727,3,0.927080581405096,1
-1.5367032991592675,0.44118939557762576,3,0.901064198878507,1
-1.5332943487636514,0.522212773742454,3,0.8952468530997304,1
-1.56339428038207,0.5410110963240186,3,0.8940957732163162,1
-0.5217259366599494,-0.15459256755697232,4,0.9040182494731802,1
0.1634812140384712,-0.48548658790146737,4,0.9282928430946162,2
0.3850522271176452,-0.48117864458311715,4,0.9308896088744204,2
0.48001082062960043,-0.4683407679648888,4,0.9318039193551824,2
1.0773938636083107,-0.519945783744079,4,0.9286508458086188,2
1.351169266192708,-0.5627797302905764,4,0.934061143898328,2
1.2939671158849237,-0.5261522971402552,4,0.9345116957172934,2
1.1325059232534442,-0.2436501203241034,4,0.9184952560526736,0
1.1538113714318157,-0.26479115981750784,4,0.9211477301174528,0
-0.04302965424960631,0.5240072426819508,4,0.8854665428185978,0
-0.05838355818021982,1.0041131434549455,4,0.8557621661823797,0
0.310107792033602,1.5598076564427683,4,0.8121388111108849,0
0.5132475441790072,1.4188346420234488,4,0.8189417579427252,0
0.4713166226454026,1.5377908967245453,4,0.8082441681039739,0
1.1340445659025844,0.9864518106344177,4,0.8341174749689133,0
0.9785271742606556,0.4862971699904449,4,0.8659462458354872,0
0.613716505027633,0.09080729583408889,4,0.8962822825782866,0
0.35403683351757764,-0.04044685370158454,4,0.9087471955828048,0
0.09846401036060941,0.0049475015384610535,4,0.9105442775605448,0
-0.2412628773493884,-0.06504003004089579,4,0.920921061041754,0
-0.30473434048188386,-0.07558173390922938,4,0.9225217609482071,0
0.19581322509273502,0.2983475882942993,4,0.887426870362301,0
0.29652591089898767,0.3601277674166853,4,0.8802546927226228,0
0.3923359001420174,0.2240903324408788,4,0.8883254881013117,0
0.7185623939950487,0.35339926310807274,4,0.8770844923579875,0
1.0188526434158134,0.6585669483881627,4,0.8525497869270706,0
0.5791568266137956,0.39988128157328956,4,0.8784431164272171,0
0.684768629117634,0.6568451664236041,4,0.8579366343013766,0
0.706725980865229,0.8616687123316279,4,0.8443298162451356,0
0.3801867391417288,0.9066828770460127,4,0.8444382103913531,0
0.03156759765294058,1.2294465768778133,4,0.827885729231738,0
-0.5400747049036668,1.6984682878570463,4,0.8088038770810503,0
-0.7550204819825475,2.064919999342082,4,0.7911473868754613,0
-0.923240367971137,2.393587167883052,4,0.7708480033270209,0
-0.8759057429719932,2.701898432594887,4,0.7486018735256827,0
-0.9458248125775516,2.513649324760953,4,0.7624098580910305,0
-0.7827630524016235,2.164290031350322,4,0.7825171888953765,0
-1.6421099571711997,1.5738890263938228,4,0.8338384780731255,1
-1.4508458671037276,1.1513225126155302,4,0.8604567895057483,1
-1.3290264389194195,0.7090551899291664,4,0.8914412996975521,1
-1.3263707252067527,0.2550280585492793,4,0.922137228657644,1
-1.2147314226720047,0.0024467490545083885,4,0.9370036511919546,1
-1.3720680966930956,0.08414995804847124,4,0.9357492134818176,1
-1.8140061715346787,0.1290208683700705,4,0.936249807406526,1
-2.1553176570510213,0.4492928927817055,4,0.9183878637574454,1
-2.0270343119491003,0.7568503330347521,4,0.8959245783006654,1
-1.8717435771156188,0.8255960846487183,4,0.8878488476644574,1
-0.7245870802495957,1.0379305482963026,4,0.8516426161865075,1
-0.6258535129649614,1.6051313670800857,4,0.8129173289022893,0
-0.4178709413755383,1.5724424406385908,4,0.809284595370231,0
-0.5820088030250057,1.7785131992680385,4,0.7962106671092679,0
-0.6792260062511791,1.9495907360003317,4,0.7843978759249566,0
-0.6893544733638967,1.8647956577917952,4,0.7911032962099894,0
-0.19928551226750812,1.5044854439253645,4,0.8070171122816211,0
-0.5686686061126109,1.137291427941141,4,0.8352403682135371,0
-0.5165244502851631,1.392386497351117,4,0.817209575240485,0
0.05804999529785188,1.1930967667176724,4,0.8208895294150083,0
0.11378773868727496,1.1799773689737445,4,0.8200523247290503,0
0.039724974893546816,1.0601651966218721,4,0.8294978151449911,0
0.499542552568929,1.3023576839361373,4,0.8075434738667322,0
0.6362797377051985,0.8823717458407752,4,0.8336986611117702,0
0.039924721425224526,1.1219094476717208,4,0.827649298861066,0
0.03585545558904137,1.031889777548556,4,0.8330741751777075,0
0.013421569303693853,1.0289093277800478,4,0.8317455783572658,0
0.2782455992908828,1.2392329387797683,4,0.8117927352771366,0
0.3494246007364817,1.211111899517149,4,0.8139258163811078,0
0.35655794156785825,1.0835796151783714,4,0.8227612996067715,0
0.28743554551770584,1.2785780346842288,4,0.8119184099316726,0
-0.17129660984470138,1.2788519233331286,4,0.8217961717315333,0
-0.8160810244008176,0.8866250336646991,4,0.8621783334939804,1
-1.1389866688508814,1.1778115999447683,4,0.845850840304802,1
-0.3694126872572271,1.1970744796091197,4,0.8334757806164707,0
-0.48768603855545944,1.0810266398277677,4,0.8418429399234574,0
0.4698462691651718,1.4619512373904555,4,0.7974276350355685,0
1.415862414058312,1.91701879663981,4,0.746707233751346,0
1.4634654714423643,1.3729436425093187,4,0.7826753175267535,0
0.8529991721984004,1.4969204492915031,4,0.7809009079778295,0
0.9430888928914591,1.5190823919729468,4,0.7762122102366042,0
1.172782076479543,1.339661083298242,4,0.7883143309643377,0
0.5948972048518921,0.6816947558696766,4,0.844662045521989,0
0.8413929215209471,0.867827052347134,4,0.8265475983687368,0
0.7990585342580203,0.7915378190500445,4,0.8323327798439071,0
0.7463747466988311,0.5402446151628043,4,0.8509799742569324,0
-0.008859791392115735,0.37242258935709266,4,0.8711207184939243,0
0.8251638070545734,0.8964405208942866,4,0.8236438234764039,0
0.7403541580998414,0.8247907744789842,4,0.830148375893274,0
0.741529765104097,0.7127068678658662,4,0.8368326350040343,0
0.8794158665755323,1.0276287077401107,4,0.8130957379660015,0
0.8793671146696386,0.980881348292316,4,0.8178528003064305,0
0.19184242774555557,0.8332527222670687,4,0.8384460266116431,0
0.15472328449450257,1.0129306248126435,4,0.8272392340136235,0
-0.0031643117553805515,1.130713056931011,4,0.8242862867519722,0
-0.033714842660594095,1.1059691469156412,4,0.8278049555290439,0
-0.08202896415724459,1.3182228773299547,4,0.8122397275703523,0
-0.042564261640897674,1.4211430258773063,4,0.8033691992035333,0
0.2102158157084522,1.5268138343829667,4,0.7917186709425125,0
0.5033155077215119,1.671946003281487,4,0.7749970625005359,0
0.5466114189832553,1.7212960612618917,4,0.769006754525108,0
0.9690179033379135,1.2552325684098673,4,0.7933602151958405,0
-1.4194743438598425,0.6634722288311982,6,0.9270198869816066,1
-1.8255095434625628,1.0318890098754467,6,0.9117670860816268,1
-2.158632527964332,0.9998140800525167,6,0.9184212361970212,1
-2.4203787825616025,1.1826159348673957,6,0.916042052229056,1
-2.544422401925246,1.2615833670761032,6,0.916176372897722,1
-3.0187447691214255,1.3436820260499545,6,0.920938310568077,1
-3.108995820454205,1.2119669274464062,6,0.9328569316540364,1
-3.2348041660437135,1.1641105602274824,6,0.9386006235792697,1
-2.8658847405491454,0.8421119716849246,6,0.9466818368789598,1
-2.5570354364052985,0.5039503067070753,6,0.9584371924071028,1
-2.1490886657059503,0.25980300680752116,6,0.9632154160118016,1
-1.7944788900815023,0.044274240965517984,6,0.9659182766582818,1
-1.2925236929096016,-0.16384400957345638,6,0.9683072752779898,1
-1.279266052993514,-0.2807766948543318,6,0.9744232873819614,1
-1.2749483944801503,-0.34054928161971737,6,0.9758842930691636,1
-1.3003623689829826,-0.21601187674070596,6,0.9679000180757782,1
-1.3897904111684174,-0.0714991083802845,6,0.9651985172642988,1
-1.6230329953633205,0.12175011676466539,6,0.95834895327013,1
-1.492384873366162,0.2752706348804008,6,0.9508114888471084,1
-1.4018586832103577,0.3932112792000498,6,0.9451969686237378,1
-1.1442916452896432,0.3974347440396336,6,0.9451286374095456,1
-0.93428466280147,0.3332144958739763,6,0.9412301717345656,1
-0.5128989713784065,0.2884695247431022,6,0.9369533297949288,0
-0.5963056523405045,0.2881946866421905,6,0.9358445683618608,1
-0.7156231877905922,0.15941055734549117,6,0.9379318253107292,1
-0.9324197059055305,-0.04690977596770877,6,0.9430885212079962,1
-0.9181501339545792,-0.03046561226371167,6,0.940306837199236,1
-0.9386217011838903,-0.1554179819968514,6,0.9492719889144484,1
-1.1475245480338527,-0.27419272552651297,6,0.9540080806689945,1
-1.2729859268536166,-0.22421727903078306,6,0.9553169988942736,1
-1.1655667342581844,-0.22388528484057582,6,0.956911953184384,1
-1.4129292290648874,-0.28031244356278473,6,0.9644174113820037,1
-1.714214828904542,-0.3590546146951604,6,0.9671737496465754,1
-1.400972381622621,-0.2160058561168166,6,0.9557596418500298,1
-1.283429466591048,-0.03854820604576384,6,0.9381706503621704,1
-1.336060229562223,0.2680263169987292,6,0.9202625519292156,1
-1.407341734699107,0.3005195332451884,6,0.9124561013330824,1
-1.293196926169459,0.6420924927388216,6,0.8928526965640694,1
-1.529057354274554,0.6584363794008934,6,0.8937110624303048,1
-1.3583769587889047,0.7230225241616816,6,0.8803961303402756,1
-1.0609204831113201,0.6845016972221343,6,0.8742788088373403,1
-1.2610540206189391,0.8499117447693049,6,0.8716809058836856,1
-1.0385967683560096,0.6700414115795146,6,0.8780381365584509,1
-0.8388857322465787,0.6671664034546374,6,0.8697997907053168,1
-1.1119043665314607,0.3434151889374377,6,0.8985203524612659,1
-1.1283005724354762,0.3695098052271343,6,0.8919483856016456,1
-0.6494179038357083,0.291623199598032,6,0.8801656208849102,1
-1.3560709608623653,0.31101939154038627,6,0.8875542372194548,1
-2.264173115678045,0.5421973059970456,6,0.9039608901021204,1
-2.6986762952103094,0.6518487496624097,6,0.9091754019016444,1
-3.3095201361415993,0.34852241182805777,6,0.9422854923367784,1
-3.269568763181824,0.08960167846950177,6,0.9629100452718752,1
-2.5341967274495243,-0.12599844553404388,6,0.9623532514896797,1
-2.180293067902176,-0.5268217980552247,6,0.9669811991424836,1
-2.105731077869999,-0.5925410905536355,6,0.9655395658443954,1
-2.2784675818077043,-0.5148292113962869,6,0.9648851462971736,1
-2.953019180517433,-0.42936367641637424,6,0.9706649164050948,1
-3.7108319901945306,-0.26851193989133076,6,0.9727311794791792,1
-3.12006864134712,-0.29071197208149646,6,0.9686661800487688,1
-2.2193813088872587,-0.22429517002411853,6,0.9556461009291553,1
-2.0938376316042313,-0.22975304691061893,6,0.9526387962587244,1
-1.2470789048914253,-0.14026395793408086,6,0.9339619629365286,1
-0.9471759524195598,-0.1863708010116639,6,0.9336489712772764,1
-1.248314149775905,-0.28216696898159616,6,0.9369202295056658,1
-1.6176069194623464,-0.14893761235754616,6,0.9287958136709198,1
-0.907570378955946,0.08559451895966054,6,0.899228746990309,1
-1.7913185815125445,-0.07864881609794928,6,0.9184295929764876,1
-2.0620779509671756,-0.04150344402908628,6,0.9170092928377376,1
-2.232505803958991,-0.04924205070144439,6,0.9208224002546116,1
-2.282612126097115,-0.17054621624200186,6,0.9288421311291528,1
-3.0576396786194566,-0.4334538458353803,6,0.9597620900165496,1
-2.984445525736899,-0.1792920655230045,6,0.9553234826147016,1
-3.1486730669030774,-0.1316043171216129,6,0.9599677074561016,1
-3.0663863814010317,0.1003474870308926,6,0.952569810413146,1
-3.5149552594407343,0.0924515867781145,6,0.9668719054747882,1
-3.4064429001131216,0.08741915988785139,6,0.9695892827846412,1
-3.0550995148621802,-0.11802039742588545,6,0.9699654124067856,1
-2.4917576686378378,-0.2287736876935179,6,0.9662243907520598,1
-2.3066484752113263,-0.37870434356532934,6,0.968363863400812,1
-1.895867365837077,-0.4844032086935853,6,0.9642861827235908,1
-1.511091018488344,-0.549790666273652,6,0.9598053492180444,1
-1.5408044816790778,-0.49454891119854644,6,0.9509194442487108,1
-1.6523856235327152,-0.5856879978114509,6,0.9543360394579324,1
-1.6410993191185659,-0.6587214924160298,6,0.9555278761714254,1
-1.7086141359345142,-0.7026153864126656,6,0.9571596032591952,1
-1.7482496204638187,-0.7232279463217406,6,0.9583177598995556,1
-2.0741748073370396,-0.7521719773027753,6,0.9724031691693245,1
-1.804151387399493,-0.6691476883187008,6,0.9681072036068896,1
-1.693965490619315,-0.5241712651436657,6,0.9630207726389176,1
-1.3404483448092053,-0.419825155884374,6,0.957280961737947,1
-1.343160078074926,-0.34643048589174363,6,0.9548684951456732,1
-1.233532609291571,-0.4261760805276654,6,0.9558384412171193,1
-1.7272786048696125,-0.3954670195691162,6,0.963715936218676,1
-2.0338272877018846,-0.31044353069724046,6,0.9650487231209204,1
-2.5222740605716867,-0.35295071995462884,6,0.9741142264065038,1
-2.752387657058194,-0.3362524157056411,6,0.9802525606763536,1
-2.6965595169206353,-0.2634326034799669,6,0.9779310912456928,1
-2.397741652246188,-0.30027886313151153,6,0.9735838143224314,1
-1.971909577945993,-0.514573134632495,6,0.9786168355706444,1
-3.2133507577338447,-0.35122365308983083,7,0.988256680558889,1
-2.4874662538582815,-0.4738310746531182,7,0.9783657973470916,1
-2.3493186256785927,-0.27259939192746624,7,0.9595647892064276,1
-2.5764418365495643,-0.1814392550199233,7,0.9571768975929896,1
-2.411629496637899,-0.028087626100211417,7,0.9395222161528968,1
-2.6386568993323176,0.07405045557861935,7,0.932534441123226,1
-3.174172111579165,0.18483425297428357,7,0.9301842290257304,1
-3.5559363310418224,0.21561797284098524,7,0.9299241242979532,1
-3.72145119879676,0.1639936441727306,7,0.9290074282753806,1
-4.2215904748209025,0.006410842833317373,7,0.9460778372569868,1
-4.1737546347288355,-0.14637702978392939,7,0.9507981083162986,1
-4.079293363281416,-0.23085212485602202,7,0.9523338426297088,1
-4.0386664610186465,-0.28147719576403873,7,0.9554843180812098,1
-3.9773312904949445,-0.2421296545728701,7,0.9536812948619908,1
-3.7899486367162094,-0.07147773632051103,7,0.9427735116690178,1
-0.0609707062152217,0.4703793252694692,8,0.8264873087335177,0
0.33992738287368046,0.3714975770754359,8,0.8363093790518715,0
0.18822747976718388,0.33223511472362194,8,0.8379241387575695,0
0.039765089716088345,0.31845693276287923,8,0.8381274883067256,0
0.4018644354273679,0.25044706108405684,8,0.846278955178527,0
0.7530757515529752,0.10912094752078676,8,0.860179349344766,0
0.8909553794738679,0.08690776687828311,8,0.8657221540781906,0
1.2293403421187523,-0.007226934761318039,8,0.8763716266586256,0
1.57155359086836,-0.16168856750847024,8,0.8912835655288049,0
1.4591109101208524,-0.2752853431042635,8,0.90077295047753,0
1.4181624592073665,-0.23983362699652913,8,0.8988734252482438,0
1.4733436879763666,-0.2615480400667268,8,0.8987672779424509,0
1.6311074761593338,0.07561429049436709,8,0.8720862047312552,0
1.6495064907362142,0.2518507079495181,8,0.8600618587999216,0
1.8465790889888394,0.6031619126397822,8,0.8308332763428122,0
1.9228606855736599,0.7574498877118399,8,0.8181686234192082,0
1.9523986171835446,0.8558243260630817,8,0.8096691991555366,0
1.8491860067662802,0.6697264943974311,8,0.8244936213990914,0
1.9550849132884813,0.6472167229709733,8,0.8257358143637582,0
1.7857238355266942,0.41291860279310555,8,0.8465603661993771,0
1.6657674318471476,0.1446905581834264,8,0.8672251048638966,0
1.8009311638547545,0.3260184585522051,8,0.8518070546433947,0
1.9673465670859378,0.47856545357171,8,0.8377578330432781,0
1.9837751730902689,0.5428264739702179,8,0.831528480062045,0
2.0801026532280833,0.7638672240042939,8,0.8108395680109611,0
2.2023051198758186,1.095139106654075,8,0.7832235673802841,0
2.0097588692968924,1.2101461916111003,8,0.7790367998094052,0
1.8801468828488774,1.2198237493301016,8,0.7802167451847577,0
1.7187163895361222,1.0186370077827154,8,0.7954803100905015,0
1.5795218583420152,0.7220973949605272,8,0.8204472691455498,0
1.4948025307717252,0.536382496179725,8,0.8363968611035302,0
1.7688700624594007,0.5580170893906924,8,0.8298896087900541,0
1.5825268952279172,0.26580716609173677,8,0.8503710475267704,0
1.8340989747225145,0.5676088031008611,8,0.8265061254084562,0
1.4947425953195745,0.4544490394939016,8,0.8319608425180858,0
1.5008554658332915,0.40976844704211757,8,0.8344511348044783,0
1.3547353295868838,0.5719633417957138,8,0.8213807167971359,0
1.4545860340110452,1.0063236345347135,8,0.7861739806721559,0
1.393948075368676,0.9010138394355834,8,0.7940303111241668,0
1.9607667388021597,1.4780792386923545,8,0.7503918022084102,0
2.1339099583006615,1.8622397349462647,8,0.7178537323378633,0
2.1165043660612173,1.4809344502559283,8,0.7486565773911937,0
2.2605191960051245,1.4135338550662182,8,0.7532364054015297,0
2.0985404551274383,1.293402377236686,8,0.7616478834526095,0
1.6605637205640038,0.8552095844299803,8,0.7919735650026027,0
1.3647432036362195,0.33255921640007957,8,0.8312604225601673,0
1.1243765241026207,-0.03541352047124387,8,0.856443951920394,0
1.0312531979075716,-0.28529526040159575,8,0.8757933117951225,0
0.9564753405095594,-0.4233924218521478,8,0.8840947660570689,2
1.0051343012631135,-0.4810330796153307,8,0.8874143785542252,2
1.1462373320426738,-0.27097291881340974,8,0.8727732405433108,0
1.0220131231709308,-0.22348872312107249,8,0.8700589449126139,0
1.4302088200881713,0.22969887955003584,8,0.8381298006038698,0
1.3734805123954257,0.31463383028147307,8,0.8343670895141301,0
1.620670313034394,0.4217231555336928,8,0.8291496604750005,0
1.668298694723955,0.4365947470011704,8,0.8280474637755958,0
2.215550020515356,0.8568100696601089,8,0.7963796696111569,0
1.8753112110178987,0.3710343629417044,8,0.8323943983631498,0
2.047103248125422,0.4798505990422679,8,0.8204578496831534,0
2.1323885738596196,0.521889742297972,8,0.8170040954226228,0
1.9813603414469518,0.4149552534486503,8,0.8255955755532176,0
1.7062296212175068,0.20052735603178864,8,0.8392775872420482,0
1.4681706435239585,0.08583601665381374,8,0.8483404387516599,0
1.9227687982510133,0.6261271179974313,8,0.809924421172175,0
1.8588910395273786,0.7125299799419211,8,0.8047337237590417,0
1.9025336191833215,0.7530958446308232,8,0.7978601140945727,0
1.7961453608873001,0.7435999241296507,8,0.7976310351061712,0
1.6714564955512916,0.6259214588396771,8,0.8045023287475592,0
1.5860531725792388,0.340046038199973,8,0.8246274145304803,0
1.6201120863433556,0.24945771301726075,8,0.8327761320933348,0
2.0219403807172864,0.7330973294506519,8,0.797869518263544,0
2.527680862279498,0.8996720879444942,8,0.7892321379721483,0
2.9592802611810853,1.0074219343819566,8,0.783981098134006,3
3.0391761285098697,1.039452725951597,8,0.7827562241820718,3
2.943673692739579,0.7453508780567982,8,0.8012565060758933,3
2.8629206629761965,0.445656542823089,8,0.8243235473440589,3
2.853324296379209,0.4241759983665542,8,0.825587472846825,3
2.8376893269850756,0.5699168610105365,8,0.8113602114246344,3
2.604139740489085,0.37589961823864687,8,0.8242043344362079,0
2.58278639356835,0.562346277559978,8,0.8094677486921625,0
2.5889359592544774,0.49928151124859754,8,0.814428281150156,0
2.294563375278646,0.2958397325565994,8,0.8279473218271939,0
2.3769044013777827,0.3303429274647574,8,0.8261006158955503,0
2.322540679373108,0.3105143183841354,8,0.8273954295578454,0
2.791515334896889,0.7122170613026083,8,0.7987177006878128,0
2.4957561154259467,0.5271775182430088,8,0.8120502750634119,0
2.544707497652158,0.45871002668509836,8,0.8190578939391289,0
2.687054237633414,0.6706546926109371,8,0.8024149042855907,0
2.689781610068629,0.616358854874805,8,0.8058610811670445,0
2.220132524373008,0.45432656315512826,8,0.8269813069239518,0
2.4816577029323463,0.8101792052097331,8,0.7981327176266664,0
2.7773495204656236,1.5147383035160822,8,0.7407542145480741,0
2.6355930321517347,1.2540592455702837,8,0.7623669510092497,0
2.8760303206579505,1.880805107889921,8,0.71498418275781,0
3.1349587723128414,1.7292714822898276,8,0.7184782169660224,3
3.0498457221850273,1.3557214787437917,8,0.7507165935583695,3
2.759731338222002,0.6233593160946462,8,0.8108673900236191,0
2.528328478629096,0.5050767667049788,8,0.8171910450601203,0
2.3404107506893297,-0.20223347499659658,8,0.8735835505411714,0
1.7714610203611212,-1.4886926461342178,9,0.9564758407067748,2
1.430518892845744,-1.3074672916934926,9,0.9482338914238492,2
1.375837853367981,-1.3540901806952101,9,0.949823363784772,2
1.4070561815268343,-1.3663170681786214,9,0.9506967852702132,2
1.4527976946203276,-1.3621025872731602,9,0.9502288923557576,2
1.2844231393588499,-1.3767953526825782,9,0.952145321657758,2
1.3338879158046437,-1.4347977478914458,9,0.9539109226720556,2
1.4257596070345355,-1.3943486434552683,9,0.9524425806496006,2
1.4587263805991875,-1.3848513796280246,9,0.9522186923766728,2
1.4555630292617268,-1.3696475042332874,9,0.951917303283299,2
1.5605778605540923,-1.3423421047250386,9,0.9491858491661804,2
1.4462172275586058,-1.3664797537396776,9,0.9519021613266292,2
1.366873653901347,-1.4220652744995086,9,0.9542229498936718,2
1.3254712086866502,-1.4487828819300488,9,0.9545514569361148,2
1.3365200601136393,-1.4530219962573905,9,0.954818150251145,2
1.3662301520630569,-1.4359846378669896,9,0.95374525904887,2
1.6602547172462623,-1.1744953499804784,9,0.9335232644599928,2
1.7261519368239757,-1.1035126825802197,9,0.9277538219289896,2
1.6477765992924893,-1.0632178192448214,9,0.9275081633132458,2
1.4840416825670215,-1.0779306316973885,9,0.9266823994828944,2
1.3938670227697916,-1.0686739733973714,9,0.9255440092512764,2
1.257574818948509,-1.297909287731626,9,0.9424614562996012,2
1.0817281075436198,-1.3667181377385975,9,0.9482460180479104,2
1.0232214226030925,-1.4258256924324917,9,0.9496782266722754,2
1.192225194615548,-1.4422671346202782,9,0.9502858712139184,2
1.4334590272605099,-1.464754925456812,9,0.9510189453273444,2
1.2782440708589085,-1.3987977826364364,9,0.948350832131662,2
1.392007530195928,-1.404148259144667,9,0.9471805104488932,2
1.516875275462575,-1.3663218704558255,9,0.943810593636036,2
1.4621157338525854,-1.384085393135367,9,0.9454605012615624,2
1.3566201050477587,-1.3113160654001375,9,0.9403217969912652,2
1.4077758638763962,-1.4024881544918164,9,0.9399939967225583,2
1.4408170253532468,-1.405628407586185,9,0.9401393353681756,2
1.4492955960831149,-1.460507869829278,9,0.9432831507544877,2
1.4365673334068934,-1.4707193452724947,9,0.9425155832683167,2
1.5516815183055677,-1.5614377028367517,9,0.9496260147295816,2
1.8547377217365983,-1.4931654170425677,9,0.948699573089306,2
1.9328047088859355,-1.5351620680046694,9,0.950494285309128,2
2.166151965028382,-1.446449126885935,9,0.9453688802386176,2
2.143825510028177,-1.4361279439902341,9,0.9434312013776236,2
2.1078964018895894,-1.4007171892656112,9,0.9371375831198844,2
2.027466424373413,-1.5001553285879048,9,0.9430617046744196,2
2.0352487964249737,-1.5211630024295955,9,0.9443170097671428,2
1.886320153356321,-1.652376749372876,9,0.95079021045854,2
1.991114705894508,-1.7276453739566402,9,0.95554274770477,2
1.931995917055569,-1.8323586838695465,9,0.9637233164035198,2
1.8125994197791622,-1.878255752354803,9,0.9651976509690632,2
1.749056593018754,-1.7682316354245595,9,0.9575468010553632,2
1.5227901644748323,-1.7442568132089395,9,0.9561854787826072,2
1.3709386014340448,-1.7511236728456807,9,0.956398868469092,2
1.1493245382787598,-1.7696239524539803,9,0.9574005420230136,2
1.0148702551634732,-1.7762856846423434,9,0.9581942398959392,2
0.8701456373480622,-1.900266285606491,9,0.9652643749248588,2
0.9323499496782199,-1.9333517914329648,9,0.9668436523126582,2
0.9712371325904247,-1.898521519030296,9,0.9659033349524918,2
1.0349148349390598,-1.8939944091066863,9,0.9650538057850466,2
1.070985499929586,-1.888674673739622,9,0.96410030618873,2
1.1302024636306518,-1.8416238062639618,9,0.9605072316717552,2
1.1369508271408086,-1.7980284684762755,9,0.9575326016654728,2
1.1547451453176492,-1.79117275779664,9,0.9549607302603312,2
1.1163521284147229,-1.746160055229451,9,0.9519592075360912,2
1.1359043740968127,-1.7399839705823181,9,0.9516912699881044,2
0.8400609419591415,-1.829217822070339,9,0.9595492295045004,2
0.5823596497359333,-1.9190672240210322,9,0.965914504540639,2
0.30370488475955604,-2.0074183571289255,9,0.9731684272903752,2
0.11891528014605343,-2.111698164062333,9,0.9798729475872172,2
-0.12539281055038665,-2.135443594008268,9,0.980130165784383,2
-0.05483948888853792,-2.092571694366179,9,0.9750723873305664,2
-0.1323501252268419,-2.0971929059560797,9,0.9752312536694412,2
-0.1381388115041655,-2.026228614720045,9,0.9695405538294316,2
0.17533614082550178,-1.9509320321597319,9,0.9656798779956004,2
0.4456655130246952,-1.929877172251368,9,0.9655222846792672,2
0.6898779505793344,-1.9259218316191002,9,0.966063281118212,2
1.1079365651523294,-1.862273317075965,9,0.9627846946134307,2
1.0680780046265104,-1.949847949628531,9,0.9677152057450016,2
0.6923455271287774,-2.0189180825553037,9,0.9707773964346884,2
0.7490121231027176,-1.999950351111565,9,0.9693956735853826,2
0.4237018421905693,-2.055406580759315,9,0.9715156809326028,2
0.39777666486535956,-2.0581720333454028,9,0.9696457098150296,2
0.3852955097472566,-2.0532860704638525,9,0.9698761218892868,2
0.4888359629143003,-2.0284575088622643,9,0.9682012884631132,2
0.14391063299563944,-2.116544497011916,9,0.973435939903726,2
0.21468338372839726,-2.113947416870299,9,0.9747456295478818,2
0.00504616028997663,-2.1717559432674984,9,0.9788342930734298,2
0.37643863937315064,-2.039496963131831,9,0.9705797552199676,2
0.7010166003979926,-1.96863773408122,9,0.9671763521029844,2
1.1055660218232606,-1.8436798506540863,9,0.9594985822439764,2
1.3066248540246725,-1.779360574764735,9,0.9542482266050862,2
1.2920092620349763,-1.7571981098544052,9,0.9540505016739038,2
1.2425088780120044,-1.8202237962964065,9,0.9584175919342072,2
1.1189954440916225,-1.8394052304745843,9,0.957845125484335,2
1.076750365157941,-1.687224674473708,9,0.9454163334768314,2
1.1025837880914147,-1.4618361435722496,9,0.9306648710186448,2
1.6109873011005504,-1.3065796526748326,9,0.9193885056146532,2
1.6682080965549233,-1.1425341798494317,9,0.906496558116174,2
1.7071589655088848,-1.083917019563311,9,0.9043869415904144,2
1.718638746658005,-1.1431380876794142,9,0.9103225256986208,2
1.8349613678855787,-1.2110922540660536,9,0.9153179918289964,2
1.49484419406523,-1.32123461699878,9,0.923310562718446,2
-3.1924937588744244,1.0986821902611892,10,0.9361206170765964,1
-4.172460809686951,1.0739265834786298,10,0.9494186730637142,1
-3.6285715367369837,0.8174365925477534,10,0.9493525710684352,1
-3.607974326994241,0.5784727398299397,10,0.9551513601499196,1
-3.07043023381967,0.6318884203268382,10,0.9442370751275806,1
-2.6301647428699106,0.5446157437424095,10,0.9381519462446825,1
-2.1244335955147235,0.4519828788296266,10,0.9292796463157066,1
-1.778312515808943,0.5250601988542234,10,0.9179847232718348,1
-1.3783873002450102,0.5449086050035,10,0.91415880152155,1
-1.4383628374005435,0.36387790238205187,10,0.9239821208067134,1
-1.340069934722026,0.2770339311566588,10,0.928045102763716,1
-0.9128689108128348,0.30825459122795684,10,0.9191344743399568,1
-0.8379485055539401,0.3241556547250051,10,0.9126220070802512,1
-1.1005158312250587,0.3907969500345918,10,0.9071442964330196,1
-1.022668359111572,0.39268341387722666,10,0.9009603073047744,1
-1.1114093671054075,0.43540701701995016,10,0.8944102446126486,1
-1.1230848864294072,0.5151253641366506,10,0.8888678704852664,1
-1.5329406460597563,0.5477259708266708,10,0.8935767035311674,1
-1.104707852590018,0.5746380722243993,10,0.8856329012129448,1
-0.9299418283935174,1.0378899297975532,10,0.8538602443428044,1
-1.0791057925552656,0.8742216282454682,10,0.8631762785511056,1
-1.3929080853847922,0.7103445780053904,10,0.8785506026023515,1
-1.4601510097694113,0.7780385004726624,10,0.886723436149726,1
-1.320458072173228,0.9778869873693474,10,0.8705471790558867,1
-1.8147384021473087,0.7970267042990336,10,0.8925990740378165,1
-1.9807938873279949,1.0020074110927724,10,0.8957025751906162,1
-1.605653334961631,1.0131750553138503,10,0.8870007997974408,1
-1.423361235437046,1.0710773259598363,10,0.8709048446841512,1
-1.7543276752274486,0.8572701555580309,10,0.8958649072207745,1
-1.518520638881992,0.9348252048109529,10,0.8886399885722385,1
-1.2514311803297438,1.0105320822291737,10,0.8725285497680701,1
-1.5274141224511943,1.1520639452696726,10,0.8698894516731299,1
-1.4307083635983915,1.1893539592159075,10,0.8663245265345875,1
-1.6328344546837574,1.4744893193389352,10,0.8489292243826924,1
-1.7742245933590552,1.4479252283558752,10,0.8501697740179228,1
-2.1892729309863617,1.3154786217683083,10,0.8708580291130161,1
-2.4289973016536908,1.076215237153999,10,0.8955517923502254,1
-2.4389896949935768,0.7411512452256023,10,0.92119072629462,1
-2.4167114666066323,0.3264991007046298,10,0.948101999351804,1
-2.1719267966928713,-0.06646365628923816,10,0.972049179324509,1
-1.7280316600594139,-0.13444265242551456,10,0.9653982871926547,1
-1.4554914502294156,-0.18996388205333822,10,0.961694872419376,1
-1.2591617143178564,-0.26828715517646584,10,0.9629846488262171,1
-0.798918061128001,-0.29136930084391655,10,0.960439830469405,1
-0.6613454359948929,-0.2331183512205392,10,0.9548253535599556,1
-0.7119183938758398,-0.3300809161956552,10,0.9603909781773204,1
-0.6771789775059308,-0.12228596341520925,10,0.9464298273106168,1
-0.7070601874178918,-0.05881703185151194,10,0.937815240189979,1
-0.815254028974129,-0.09014200690288915,10,0.9310146855103764,1
-0.8917621158352768,0.05211758016788989,10,0.9169721245341248,1
-0.7690684187389744,0.030591723787515047,10,0.9166302414600552,1
-1.1277985930424563,-0.11870771203196452,10,0.931920962220935,1
-1.5788715617959834,-0.08874343132060007,10,0.9424004660965852,1
-1.829088658438898,-0.057746900263545564,10,0.9523945452828606,1
-2.177872634415944,-0.18722290298819982,10,0.9740109519425753,1
-2.1170503747061495,0.34620854555017655,10,0.930401729917482,1
-2.2124622546295454,0.3234359748817176,10,0.9340082154203742,1
-1.9206778315236899,0.6464091901075608,10,0.9058486043556592,1
-1.5304032156320615,0.9541513912728898,10,0.8702760760828305,1
-1.3006671506099434,1.057876090210962,10,0.8556055464138834,1
-1.220396823551777,0.6085304487712363,10,0.8856076094201597,1
-0.86130796462043,0.6906844701887727,10,0.8758217097213088,1
-0.618790673037657,0.5037649199160498,10,0.8851610702858862,1
-0.736530222364133,0.2851301903920893,10,0.9133630083038828,1
-0.8543358850643931,0.24784956936185348,10,0.9192036048371164,1
-0.8821448065392831,0.492456406581476,10,0.9091039887763004,1
-0.7880248515784178,0.42649339741522435,10,0.9128256475002712,1
-0.8500630683480467,0.3929200543520604,10,0.9175277129501394,1
-0.6290017879232414,0.47074181716945585,10,0.9022546985666112,1
-0.24791876395682155,0.4212259260859897,10,0.8996110960135884,0
-0.28775967912980266,0.3242788642860984,10,0.911150209546047,0
0.1017054334027136,0.4964780918205107,10,0.8919528834334134,0
0.3638019846556715,0.32636339103562845,10,0.9000736418212384,0
0.35587371263892925,0.40913108930826564,10,0.8980107719774523,0
0.3906622184079875,0.522895247284213,10,0.8886627922807149,0
0.2840272268580479,0.3208816953177658,10,0.902626028633079,0
0.296070410520627,0.29889509660350394,10,0.90158880288129,0
0.22969745599052022,0.4628482924140333,10,0.8878015949749758,0
0.2365368936547067,0.38962960885653264,10,0.8913355908557469,0
0.2575163158877775,0.20773123738538474,10,0.9030367161132892,0
0.3603178489213311,0.4573630036801916,10,0.8810389675489197,0
0.004561994654219081,0.36223916612644214,10,0.8946449019890761,0
-0.22320448207389013,0.3420027663719408,10,0.8976817453932421,0
-0.6763627982921554,0.21294559875507002,10,0.9148147717356718,1
-1.3470097594488804,0.24676925821999954,10,0.9265378075382046,1
-1.8706100589972678,0.056388794015351955,10,0.9487204463523836,1
-1.7669714846149116,0.17958754646688657,10,0.9347460021405616,1
-2.17316874475392,0.027571421894513472,10,0.954145385896934,1
-1.968601499592776,0.03676862211303581,10,0.9481741707586574,1
-1.9051853875886533,0.017519685879003363,10,0.9467584450302896,1
-1.7391064200603465,0.048803366185294246,10,0.9415629619120496,1
-1.9861308771412656,-0.21051568157397066,10,0.964753895428603,1
-1.8237486575083146,0.1292920410728897,10,0.9394963386786074,1
-1.9362834771035469,0.07880868957414851,10,0.9467425416124922,1
-2.430410380105908,0.2851275958461088,10,0.9431376008126946,1
-2.173670502607388,0.17935920836030841,10,0.9456414546138644,1
-1.939447095648232,0.14489171770852025,10,0.9456932387046392,1
-1.655079119864009,-0.2943850843193199,10,0.9700181290584629,1
-1.5002954731776321,-0.37497875630410604,10,0.9732425499263462,1
-4.051629577394438,-1.0713557368897129,11,0.9979014111934332,1
-4.234766425332416,-0.9827434130730811,11,0.9970125940314176,1
-4.319542028630568,-0.9305737437290934,11,0.9971502048666072,1
-4.329590029511169,-0.8981168240946282,11,0.9969239446594622,1
-4.3829541165770936,-0.8592637959394807,11,0.9970924689802624,1
-4.487938118907154,-0.8013985781731535,11,0.9968856935939516,1
-4.458344562639877,-0.7893594143615694,11,0.996626914120042,1
-4.428914008580377,-0.7598098830929026,11,0.9953159088352358,1
-4.453542148727638,-0.7560325608033122,11,0.9956296879573096,1
-4.4884583249507894,-0.7468184624363212,11,0.9956267463869388,1
-4.510349670593786,-0.7164273964710409,11,0.9955551130716392,1
-4.592866499011086,-0.6980691600005992,11,0.9964043423637128,1
-4.707286806819669,-0.6625640907202829,11,0.9974989299531402,1
-4.819896204642794,-0.6068175925830422,11,0.9979361172330212,1
-4.863658321379961,-0.5825410964514817,11,0.9976180225751282,1
-4.837314200386838,-0.5819099045863475,11,0.996919616079,1
-4.72180401569474,-0.5045840150579396,11,0.9893610747577664,1
-4.646330864444997,-0.5384845072412447,11,0.9881699943082508,1
-4.561383147879992,-0.5530239701121141,11,0.9864995045701874,1
-4.502454992338759,-0.5195413437865842,11,0.983507666354664,1
-4.448174143682077,-0.5028745272391845,11,0.983912711209519,1
-4.585083883850732,-0.536458699752223,11,0.9916560464302476,1
-4.4109418480088705,-0.5183552135293563,11,0.990311961411346,1
-4.283965934820955,-0.5354397399474198,11,0.9911042939179544,1
-4.007309186392958,-0.5772989407857984,11,0.9913697882012976,1
-3.8531364679382962,-0.5981510959481949,11,0.990365575833879,1
-3.6697303720471552,-0.6214880971253778,11,0.9893799632558338,1
-3.5024273883856596,-0.6307722044460665,11,0.9884010336622724,1
-3.3371268147217736,-0.6221297933295602,11,0.985658398421801,1
-3.2832744392555475,-0.6052230231708575,11,0.9839658634720976,1
-3.394265673416185,-0.6316883590268739,11,0.9845632908489156,1
-3.457087389894976,-0.5909771469330682,11,0.98109696642956,1
-3.6289710776237705,-0.6324261194913486,11,0.9841923233327488,1
-3.4833703621475283,-0.6361859743663273,11,0.9811867990100004,1
-3.3500760451326976,-0.7031289084171717,11,0.9814015575264026,1
-3.02009284583389,-0.7530369522225626,11,0.9802233686954784,1
-2.6124171989568263,-0.8383505065389145,11,0.9788177201111544,1
-2.3568669492547403,-0.8917890321483052,11,0.9762388579113732,1
-2.4185948239289585,-1.0068189109600134,11,0.9802322847166256,1
-2.560547530789314,-1.0658099075185448,11,0.983205124648602,1
-2.676916770558333,-1.066117119376147,11,0.9830097540099618,1
-2.8540940483282125,-1.0950773041939252,11,0.986467055085152,1
-2.920047890931042,-1.0632171921186933,11,0.9854092040063048,1
-3.1157960640163087,-1.0233558598191899,11,0.9869668169455396,1
-3.2051557669190025,-0.9955439371798073,11,0.9870012423212912,1
-3.1877837129797117,-1.028711994092306,11,0.9885873643563896,1
-3.1502102959087983,-1.0563917020739657,11,0.9886771358018084,1
-3.2123704708650207,-1.0989536001851434,11,0.991996386241664,1
-3.049241919648481,-1.1220459267239122,11,0.9906558876627848,1
5.077709252421913,0.7403168633890654,12,0.7927402490031851,3
5.139891961718411,0.7936522932427776,12,0.78963580147743,3
5.207608067386087,0.8449848284357866,12,0.7869090831873261,3
5.195543534789271,0.8483354069430372,12,0.7858694263351376,3
5.202634465303389,0.8469597369918271,12,0.7858920180858882,3
5.257861532789568,0.8871592512656126,12,0.7833312216209698,3
5.29469591432083,0.910045497330021,12,0.7820993164382194,3
5.2935879363955305,0.897412765505508,12,0.7827985211077706,3
5.337678757174886,0.9156168768020198,12,0.7824420878603195,3
5.334006571694644,0.8979669582755538,12,0.7841892244058155,3
5.2583877992750985,0.794298379992203,12,0.7916376588801849,3
5.233693444883641,0.7604280491819602,12,0.7938517043548352,3
5.184984691611431,0.6916388463522815,12,0.7989637827607434,3
5.163318096367401,0.6471884460468659,12,0.8030837531178271,3
5.171796363873615,0.6820767304593811,12,0.7999206368858743,3
5.194925592890833,0.7240907315190078,12,0.7964355221440177,3
5.155299712573798,0.6818948311144358,12,0.7988435539609384,3
5.132595119903673,0.6807900092872572,12,0.7980798981377042,3
5.084456669857111,0.6472080572967598,12,0.7988302394426544,3
5.104220403281803,0.6498368552885961,12,0.7989500261113323,3
5.11797434311949,0.6749031597478379,12,0.7970969654632407,3
5.12678933600878,0.6859818305143068,12,0.7966776089041832,3
5.1868428620509714,0.7212957411306504,12,0.7952623077151246,3
5.227896997081331,0.7546191630695614,12,0.7941433868152692,3
5.1927010233181665,0.6870012375366774,12,0.7999177498243262,3
5.168103391524792,0.6304690022854665,12,0.8047240809719668,3
4.9786095856298305,0.27473845852111534,12,0.8326008151280362,3
4.976768331334077,0.3108723290984542,12,0.8294542158268043,3
4.982469127228939,0.32031171844238815,12,0.8286547281308057,3
4.980220981108847,0.327477670598392,12,0.8278213248947365,3
5.021691630637188,0.3860920559128536,12,0.8239419935596877,3
5.227282044698565,0.7532365405265835,12,0.7958932255011796,3
5.223366401977079,0.7027441034894124,12,0.8006948223603025,3
5.298241172706937,0.8116725898293563,12,0.7930223194775825,3
5.367167602513644,0.9401502471334829,12,0.7839339020385896,3
5.46356853989984,1.0748345334532772,12,0.7744089094152835,3
5.544136456396637,1.167111276187059,12,0.7685112645730061,3
5.613494010041037,1.263076015611745,12,0.7614619553967253,3
5.58144977679536,1.1844705842998395,12,0.767500185515847,3
5.568242518872256,1.097981553595985,12,0.7744118131747569,3
5.487196536460633,0.961722756862913,12,0.7849299101418666,3
5.427521804271591,0.8972743560243205,12,0.7894159137126685,3
5.378934036021064,0.8646595280783074,12,0.7917689426492031,3
5.335456921122132,0.8380953448200719,12,0.7935620856762031,3
5.206669135219191,0.6843434181547648,12,0.8044788758542829,3
5.200301114889323,0.6953003914767919,12,0.8033078900670588,3
4.998250493494531,0.3096847317351311,12,0.8333524116763595,3
4.939922282395992,0.12469180025354548,12,0.84895076967895,3
4.861574453072332,-0.06148505225285586,12,0.8638228882048397,3
4.883582027892561,-0.11184220999959754,12,0.8694671683201876,3
4.687072682106459,-0.49807348158320786,12,0.8996693802467164,3
4.801310796912253,-0.2707845711811036,12,0.8815546437924981,3
4.68719297933154,-0.44927661783512784,12,0.894097572053977,3
4.675022271994053,-0.487553953624585,12,0.8972411452556625,3
4.659433900191071,-0.4512984075536956,12,0.892807577575705,3
4.736096267893976,-0.3248114200591649,12,0.8832986675349863,3
4.711833989186475,-0.40874438901267685,12,0.8903357003801486,3
4.764626248260301,-0.3130077364012767,12,0.8830955131805881,3
4.7824910101601015,-0.2671686119009485,12,0.8791721130163171,3
4.761462729148248,-0.3506496276145301,12,0.8864808176179725,3
4.74844745001287,-0.35737600866844943,12,0.886236284905161,3
4.76612835065128,-0.30772400082384554,12,0.8817645599987852,3
4.756352021581423,-0.2728079446786779,12,0.8780771181929774,3
4.61263955128171,-0.373457729472742,12,0.8856373502042164,3
4.516150907648122,-0.37987466260204333,12,0.8854667158425631,3
4.421713562069641,-0.37694673188697053,12,0.8855668875461091,3
4.301180580880099,-0.4210893868572957,12,0.8892664933480378,3
4.1179270306828375,-0.5918711661664683,12,0.9026587006546872,3
4.069326551437343,-0.6141587072460264,12,0.9039702176892556,3
4.150084400731492,-0.6107235197697368,12,0.9037929205444596,3
4.255126937882964,-0.5537956282565867,12,0.8984988831663758,3
4.253090162454808,-0.5410760205413111,12,0.897192855411134,3
4.28203870545804,-0.4797704329204662,12,0.8924407271539442,3
4.286859710568169,-0.4577427551359303,12,0.890802059128438,3
4.164236921232419,-0.4973996323252098,12,0.8937562356799379,3
4.181296884135062,-0.4838722893856481,12,0.8924668692565092,3
4.297606778299041,-0.4652971561783281,12,0.8909498191148213,3
4.2919310802430415,-0.4386710576856813,12,0.889331299500089,3
4.308749936137266,-0.40602338891359663,12,0.8871785868489603,3
4.288850594874181,-0.3940267976982437,12,0.8865353773224905,3
4.125570777012043,-0.46489544568549945,12,0.8932414725084943,3
3.9686265729320676,-0.5309300219914754,12,0.8987516855258862,3
3.9942581725254582,-0.4994758762200037,12,0.8958882814032443,3
3.9829395647362493,-0.5236214196903822,12,0.8975895916095367,3
3.980671660692551,-0.5292761702792433,12,0.8980605886699641,3
3.96641430391295,-0.5669493509224397,12,0.9003633470361487,3
3.9474479515273493,-0.5969319738804535,12,0.9026385086848276,3
3.9503146741553703,-0.6263950168085627,12,0.9053542953492336,3
3.904347118467754,-0.6187632979313697,12,0.904436166110196,3
3.903349552284709,-0.5789271744395786,12,0.9017151491818516,3
3.9349330386655863,-0.5048027886298267,12,0.8965941829561018,3
3.9546422071555702,-0.4347418481428594,12,0.8915748227207825,3
4.159080077568001,-0.23284884696893346,12,0.8755873814161405,3
4.406336208322414,-0.06430979866824645,12,0.8624248962882015,3
4.5641449724888075,-0.029275242595336762,12,0.8589702138654998,3
4.721149155452662,0.022101415748957406,12,0.8543964083370408,3
4.928801809504319,0.1282500110088036,12,0.8459299971728056,3
4.944282385111977,0.125293496278327,12,0.8467674251872724,3
4.9238942400168275,0.03768143930212282,12,0.8541978348950288,3
