PHATE1,PHATE2,Cell Number,X_Centroid_Velocity_MA,Cluster
-0.025638650179356945,0.024981932923120533,2,0.9495865779222186,2
-0.02553118271654784,0.024919868781002476,2,0.1224546117468889,2
-0.028228631839309258,0.020914236905370007,2,0.3456251307956487,2
-0.030023164139447948,0.01679382668376207,2,-0.358711157717039,2
-0.02925793830372088,0.018149272026875097,2,-0.5111410538702785,2
-0.0299129980935182,0.01663397852678321,2,-0.4363105597844878,2
-0.03020548466528297,0.013509422077602713,2,-0.1720680162752614,2
-0.02985324675055974,0.01582669947861167,2,-0.433082081891689,2
-0.029521894741475742,0.012056311369307689,2,-4.036376765988825,2
-0.028776951143658955,0.004946864862035863,2,-2.7239694571065685,4
-0.02798685849267666,0.003716286231919245,2,-0.5463100231517274,4
-0.028072051142401567,0.003165023713955077,2,0.2535390419333453,4
-0.028005994579307542,0.000520457005060616,2,0.1349510077899594,4
-0.029595858619519487,0.008074431059814046,2,4.875007970522802,4
-0.029625222090299934,0.016627075493086563,2,3.506062437551509,2
-0.03042624083269492,0.01584806678362377,2,2.095420812637576,2
-0.030309087117976675,0.016465082825792145,2,1.641245698157445,2
-0.03017155118785764,0.016618656245742502,2,0.3216245603568041,2
-0.030482756642382796,0.012906944818946102,2,-0.7469349079176937,2
-0.030349869916547697,0.005525428757426564,2,0.8352817086351024,4
-0.029925045901730764,0.008630865865662115,2,-0.6386039922492728,4
-0.029938293371839737,0.011536212289832724,2,-1.4134971125657558,2
-0.030120090598162706,0.011082319217536678,2,0.2732197379042645,2
-0.030751410092688402,0.011632075881240947,2,1.2245931442610072,2
-0.030140170622100528,0.013796749886926973,2,0.6116745417587026,2
-0.030097264372814802,0.011625601270458764,2,-0.4010157506775158,2
-0.02922620571162227,0.007659597814047683,2,-0.0806473771521268,4
-0.029404929301178898,0.006560016794535333,2,-4.047348020710752,4
-0.029308807095687107,0.011371940208297002,2,-1.5376768132372036,2
-0.026494612220740104,0.01233206290106856,2,-2.152624036615907,2
-0.024143752871946474,0.013568748549429509,2,-4.315418678967944,2
-0.021968639149743483,0.01183683903185612,2,-3.0532319042493783,2
-0.02155036644477307,0.014473211400620647,2,1.985297165363045,2
-0.0218022157143273,0.01421762349893704,2,0.805364503354349,2
-0.021840425754276527,0.013535469186948618,2,0.8452324068226517,2
-0.022906996579069805,0.017257037894613542,2,4.260644131686604,2
-0.022857037215326493,0.018942768336726607,2,2.8790191135556142,2
-0.02296127543790157,0.021768803001098777,2,2.2050102819189306,2
-0.02276950278550558,0.022956064488187315,2,0.5112935043326615,2
-0.02283416227817787,0.023458947650050584,2,0.8298705738196077,2
-0.02307813048035217,0.02223816609833316,2,0.6508931029348787,2
-0.023321725501250556,0.021824289751901857,2,0.7947207816531318,2
-0.023369958660042624,0.01617044612592138,2,-11.084726174619709,2
-0.023359643181852713,0.015167584242071954,2,0.5618911837611904,2
-0.01772124046939214,0.004090074640021987,2,-11.644879975440515,4
-0.012947647023169931,-0.0029796025162844397,2,-11.577403505448364,4
-0.012659140353429823,-0.0032735663588153345,2,0.1155901078309398,4
-0.01666768092007622,0.002465031545843443,2,11.550484719323686,4
-0.009639602954291102,-0.006450740799544003,2,-12.309107253784711,4
-0.009568554380893678,-0.006771561069022925,2,1.4720952004126957,4
-0.013300847420985784,-0.001874849283661744,2,10.400013987216472,4
-0.010783894439602704,-0.004357956101471382,2,-0.243825337806038,4
-0.01001394324671593,-0.00493438080546762,2,1.3138428448786723,4
-0.02074564923880535,0.006488188494962539,3,5.807393600123305,4
0.0009586969635338295,-0.009139809319177402,3,5.807393600123305,0
-0.005976851950441867,-0.0098677799929297,3,183.80818456658935,0
0.0023779575802201428,-0.010395371512813445,3,183.80818456658935,0
0.0025819091872785593,-0.011470274196776906,3,231.07109846002436,0
0.0038853979873152405,-0.011246640982681478,3,242.75713369079224,0
-0.006586330439582157,-0.01240048245402892,3,179.8497440809649,0
-0.0013518779995697124,-0.013291039486109161,3,78.00485333616555,0
-0.005146395554737235,-0.01563761086440326,3,61.49040569295319,0
-0.010120531608839401,-0.012356902099638753,3,9.550317667247077,0
-0.0164511234118025,-0.006655627337092807,3,-1.2221793662396068,4
-0.010842917729356378,-0.012932766893605504,3,-14.875957146573592,0
-0.0116642996163711,-0.012222128417608379,3,-4.498320871346801,4
-0.013030033659775076,-0.011263513719094792,3,-2.4106349043791395,4
-0.006664064467110646,-0.01627069566019061,3,-17.731473365348894,0
0.01068317960159161,-0.019343596978617178,3,-15.578213835721726,0
-0.0019746918258274457,-0.017575122426722933,3,9.29060558782544,0
-0.007156880004685478,-0.014086387165696336,3,11.674742192255303,0
-0.010409854712089463,-0.011603016990770775,3,14.970832360649798,4
-0.010384138490785616,-0.008471964928893837,3,21.39046699743352,4
-0.01751981207175472,0.002438458520260763,3,78.59812239125125,4
-0.016580912569155882,0.0005274362528992345,3,69.06131920273285,4
-0.016032727497841164,-0.0004614207980463332,3,67.36661600951135,4
-0.017502146459334393,0.0016137635209456504,3,54.13706077025634,4
-0.019265840024185958,0.003006719486336635,3,-1.2957534177823162,4
-0.01816403647408274,0.0012784538116803142,3,-58.26967510932798,4
-0.018867028904950935,0.0015816977873154606,3,-62.40514592481574,4
-0.01981716493730913,0.0024646240843773297,3,-65.43924199123788,4
-0.019884612277033514,0.0013299909895351067,3,-56.81026159479404,4
-0.02119075605468138,0.004341627739015067,3,0.3947840257266364,4
-0.0217179370202201,0.005268089877873944,3,0.9339587827887272,4
-0.021589311552017376,0.0009060143105677034,3,-6.693504668040623,4
-0.019808582578768354,-0.004764476805369788,3,-7.250661839403006,4
-0.016480331545924487,-0.009357096304195836,3,-14.157441953858642,4
-0.01599358527192125,-0.009800858653824608,3,-4.178891824122229,4
-0.015334058301014572,-0.010307130375351362,3,-0.3407744769463761,4
-0.018896321280231686,-0.007162334875177728,3,8.651576781658287,4
-0.02075880591796466,-0.004710195978575335,3,10.313767861575936,4
-0.022437369772179753,0.003347398867637603,3,18.36483738307327,4
-0.022015711535930214,0.003142989776708801,3,9.624195606516082,4
-0.02164121584553274,0.00235666692560527,3,2.232660026074882,4
-0.022021535066622737,-0.0017675851498732602,3,2.661762012822055,4
-0.02066531890379404,-0.00506988165965059,3,0.3334654478080893,4
-0.02000486478735374,-0.006717182489930195,3,-1.1627279069427003,4
-0.02042121460886723,-0.00870129380066837,3,-4.538359161037329,4
-0.019976309758824858,-0.009438502551042355,3,-3.066044291005801,4
-0.02004253882600685,-0.0056307625448221025,3,-14.562142106804751,4
-0.019241756741585254,-0.007293293659846771,3,-6.600960659210864,4
-0.019969978052130376,-0.005719754416923553,3,-10.922788507400265,4
-0.017563730422888706,-0.008157858991025262,3,-20.407221275766734,4
-0.01975471543548636,-0.004758586732549845,3,-6.722722767702839,4
-0.02073893485389875,-0.0032520411704028114,3,4.820746159261307,4
-0.020518234812346194,0.00026044207059150665,3,-15.237785690205785,4
-0.014839116078371203,-0.00835465710210947,3,-13.541187043168224,4
-0.01708151101667454,-0.007237764477574672,3,0.4673984209550326,4
-0.010212580001357477,-0.013809247982971574,3,-7.71830003978464,0
-0.004615928281480305,-0.01813949782773793,3,-16.000913372082458,0
-0.003810378962073528,-0.01931567107595655,3,-6.636797274973924,0
-0.00755103572068629,-0.01659319884809109,3,-3.854423316182374,0
-0.012815885185173627,-0.012272289531997016,3,4.1247650382704935,4
-0.01749403348487167,-0.007721905392504305,3,1.810755372853032,4
-0.01959728368825845,-0.005034207400197316,3,9.967377988171256,4
-0.022048922473145924,-0.0017959877577670568,3,11.012599591500452,4
-0.021854183062984193,0.022638972801852696,4,53.98252880454265,2
-0.021533411307345426,-0.001782251199832906,4,2.7215039787199657,4
-0.012000049217690887,-0.007980601793985928,4,4.879089357686477,4
-0.004266599618468201,-0.010009713631124866,4,-98.33138712548389,0
-0.002750727429557697,-0.01094838014393478,4,-98.33138712548389,0
0.009920204489367543,-0.011066585704301475,4,-141.09787000022996,0
0.009239251649642352,-0.011263065238146953,4,-100.465832472585,0
0.008932649629889676,-0.010989000590652633,4,-101.24352970229748,0
0.006274172356271894,-0.011253673970488617,4,4.285570749827514,0
0.0017067296997350025,-0.0119772866340299,4,8.673063261751668,0
-0.015145856238553012,-0.007437462665361925,4,29.422874141771352,4
-0.027695613400295496,-0.0037057082371716324,4,8.75032078953809,4
-0.02416699172955891,-0.010551200728592107,4,-2.2212288873690342,4
-0.023181247451301783,-0.011127541275378941,4,-3.1365588073142137,4
-0.01831004024355049,-0.015508103490046601,4,-9.25019841240919,4
-0.009835778561737264,-0.018315491057965958,4,-6.027632315826395,0
0.0012311099767719495,-0.013092494748974934,4,-8.751736853778993,0
0.00022638850205302028,-0.01324976811480024,4,1.620364552962974,0
-0.0019970899057299707,-0.013428385998625296,4,0.8373518275807783,0
-0.004323384731055112,-0.012727766886797396,4,4.756870294176951,0
-0.008204820923271619,-0.01096861221309805,4,4.043580361113072,0
-0.009397072528779747,-0.010552642837008535,4,0.6894728795008177,4
-0.006398142415567775,-0.015421405137359413,4,-13.91477407652601,0
-0.006301717251531417,-0.016624722452928772,4,-1.5795852868626752,0
-0.005579661445189278,-0.016239790194320692,4,-3.9139125978284026,0
-0.004033806200911177,-0.01770946636067028,4,-2.7706435835472347,0
-0.017804032786482116,0.025073479677449197,5,11.229442711958654,2
-0.004630379926110372,0.007385988093184665,5,-6.8997835255273685,4
0.006719118580895965,0.004721778782546417,5,1.1565905424349694,3
0.00865778175367666,0.001698242188248884,5,4.5891915040199365,3
0.009968604251592567,0.0005136381988103474,5,-1.4071923019072528,3
0.016025347277535747,-0.002134195883982835,5,-7.712578674691395,3
0.016447357057666288,-0.0016498175785742213,5,8.400413400303615,3
0.016966239962609115,0.0003473907945781488,5,6.125090648325704,3
0.013649422235914142,0.0029149237738543233,5,-3.018976264127332,3
0.008562649129280179,0.0013426610130176785,5,-16.13537048197268,3
0.005916543003864054,0.0038349153867202105,5,7.059825145609056,3
0.005241902156250835,0.0031326637668986526,5,-9.6924446126764,3
0.005138926014519111,0.00282698725565759,5,-1.8584747625003275,3
0.006547994560860158,0.001570695318805938,5,6.113388811812229,3
0.008988547241748916,0.004389487556666212,5,24.50508987534122,3
-0.02157316941445648,0.0026963468109440112,6,9.266564626801255,4
-0.028231524692661193,0.007702430239343959,6,5.809443332948774,4
-0.0288289080541286,0.014326155654380142,6,3.956425931600014,2
-0.029583565182261583,0.01749487342882997,6,5.380223449967531,2
-0.02924438388686455,0.01823310279945109,6,4.037071084912759,2
-0.028921367065091467,0.02099034978581422,6,1.03461473281468,2
-0.028567302437353517,0.022022276357802656,6,1.8453821552097,2
-0.028439755133402016,0.02268857551490622,6,0.1201569755954551,2
-0.028038032856200715,0.021072963545495087,6,-2.3425180772679823,2
-0.026813501981160164,0.0175087716619678,6,-3.863092308969226,2
-0.024409634490135904,0.01195635310824217,6,-3.482727644820011,2
-0.020602740895661262,0.007379830837007693,6,-5.084375870943108,4
-0.01575858173521172,0.002663003510350977,6,-4.509340856194103,4
-0.01543446767255689,0.0025001459849122985,6,-4.255391144482769,4
-0.015549183142181539,0.002599315261132976,6,-0.4153400942715962,4
-0.015473639850269312,0.0024447939974080054,6,1.1443186774305103,4
-0.015883765018183223,0.0028058218096349897,6,2.4408539354983985,4
-0.018696801203850477,0.005245930103105005,6,0.6224479429283747,4
-0.017358548442778534,0.0035256719653471986,6,0.0123692903715664,4
-0.016689481371557704,0.0023281359011676646,6,-4.7064004736309695,4
-0.014633968945511153,0.0003005467592848575,6,-4.63929039240179,4
-0.013972759054358444,-0.00067108381698223,6,-5.312579852533349,4
-0.011075087572891907,-0.0050342667785598086,6,-1.2504928842791514,4
-0.012660598234721895,-0.003705491095139265,6,1.980634198096982,4
-0.013077668917118802,-0.003842689116642383,6,2.8676240051408057,4
-0.014867799230470968,-0.0027623309658714175,6,2.907387925639932,4
-0.015142808521143069,-0.00395998965418954,6,3.8214929934594464,4
-0.0154313195754648,-0.00273543688463478,6,0.6810675423863131,4
-0.018257170948520186,-0.00024274754191201372,6,0.887723218733322,4
-0.01894788931432653,0.0014281589809067951,6,2.050443830965014,4
-0.01676219193368469,0.0009437539636000156,6,-3.0919567941869674,4
-0.018050468126371684,0.0033337673844803513,6,0.4403397367284697,4
-0.020662665964592503,0.006680853922132323,6,1.4969655511474005,4
-0.01778971974457659,0.0024474260912702604,6,1.3251252685719237,4
-0.018006524955497216,-0.00013831742035514248,6,6.885889400030601,4
-0.02179802794209575,-0.0005601333695990339,6,8.779650312637092,4
-0.02356517060968387,-0.000443504909071209,6,5.121406086608227,4
-0.025120286002310102,-0.0012148329839153798,6,3.945934450670097,4
-0.026548286102646174,0.000577447356915788,6,1.0531233625772074,4
-0.0261746173513815,-0.0008638255920805837,6,1.3702848997399997,4
-0.02504340931215388,-0.0025862884701336043,6,-6.677037878316014,4
-0.02634914393340691,-0.0014589005479526765,6,-1.401597225985165,4
-0.02494522665497388,-0.0025949853018177272,6,-6.415318253450892,4
-0.02333268647337012,-0.005554741149418453,6,-3.163956899034224,4
-0.023342550179958524,-0.0027227593571663286,6,-13.50982020169788,4
-0.023959587498692685,-0.0030963309240563826,6,3.7686000190306,4
-0.022447617619433508,0.024683468530712193,7,32.442268542934585,2
-0.021873738668595037,0.016854774525685512,7,-0.0351620568398942,2
-0.022081690793730426,0.015442832607015497,7,-3.1998450549878803,2
-0.02214245342178014,0.017586179914653114,7,-0.9936771953846346,2
-0.02235873155933927,0.0146452983141241,7,-3.8793600203726384,2
-0.022442514546592063,0.017426617465041042,7,-8.931360008665086,2
-0.021547511925197802,0.02351616466612366,7,-2.7628037263255694,2
-0.020476671567956,0.02772002954720067,7,-2.122509148547232,2
-0.019824780529208767,0.028261569561512843,7,-3.6047521520781354,2
-0.014092131106386314,0.03870818935539523,7,-1.7199017569574948,2
-0.013567503142268112,0.03947370977968703,7,-4.600372656044482,2
-0.013559284434850067,0.038965815790634496,7,-4.061982219621479,2
-0.014093222552692946,0.0387081814809824,7,-2.294353776336976,2
-0.014456759292950557,0.03760451188567534,7,-2.6170760494910894,2
-0.018724357078671774,0.029849197782260996,7,-1.5770678184130476,2
-0.007900004591805832,-0.024742321730415826,8,17.965554543533244,0
-0.0024356834775349054,-0.026609321997121616,8,0.1552416576071209,0
-0.007717996736394937,-0.024195864394041127,8,5.368032779750668,0
-0.009999966508865957,-0.02306275089302492,8,3.113701772308048,0
-0.0017762553275167937,-0.026381091500727396,8,-4.566190408208468,0
-0.00047115110200689295,-0.025484613541087685,8,-8.322579361203315,0
0.00016716204241199877,-0.02422051400510198,8,-8.944363846842634,0
0.002380117372789373,-0.023306133167031954,8,-9.07682835031601,0
0.00706844773754673,-0.021899040881937865,8,-6.756052686069142,0
0.0046167887927717885,-0.0208836110219158,8,-1.4694976378425053,0
0.004156634333990498,-0.021172959364394346,8,-3.491165059736568,0
0.0047810348645416,-0.02110888503555342,8,2.3434072855680825,0
0.008256514416367083,-0.0233785729095061,8,-0.9072148506996656,0
0.008590846704133572,-0.023790651037559955,8,-4.651290037264744,0
0.009656009003963519,-0.025582529954127017,8,0.0427970830702179,0
0.009760260669759536,-0.026837050864152563,8,0.974494071569916,0
0.009915331734083432,-0.02763965923365682,8,0.6225753248033925,0
0.009838504114653618,-0.026850310276600772,8,0.5993134362744967,0
0.011042140843764868,-0.02695477075358667,8,4.338620559404125,0
0.009961412803519499,-0.024786304848005206,8,1.0095418334809438,0
0.008733636130242473,-0.023720787523543486,8,3.447522327969273,0
0.009602347260645632,-0.024821588999333347,8,-4.708244559707055,0
0.010419562461023551,-0.02636656808228648,8,-4.039747351681626,0
0.011312031392277903,-0.02756353707661336,8,-0.4745381661681221,0
0.011424770889547128,-0.02921141773149638,8,-3.780171808053456,0
0.011101011552299702,-0.030747963887274136,8,-4.332636889578225,0
0.009914331002736754,-0.030056012771259192,8,-3.8704744203338577,0
0.007209011147084891,-0.028764593441511676,8,2.2946197070665675,0
0.007121070447703773,-0.028481507339993516,8,0.1520655711436575,0
0.006231261356617571,-0.02671669459661578,8,5.953757054624885,0
0.005426061375483392,-0.025804552737252823,8,5.810895726665512,0
0.010094801235047676,-0.02736434590322039,8,6.931926252576204,0
0.008462386489580186,-0.025886915238362222,8,3.211696906704174,0
0.00967522371458222,-0.028352296181214365,8,-4.269592150678773,0
0.004270839845415453,-0.029356958244460416,8,0.3546214387724376,0
0.003947284467222058,-0.030038423596568886,8,-2.9760488990625165,0
0.003592755928886488,-0.03012039354611694,8,7.144668542063846,0
0.003003131254059384,-0.030524529027835732,8,3.491808997334056,0
0.0032417585011659533,-0.03041399303865948,8,3.677223622206884,0
0.008090544994117294,-0.03157027696633244,8,-4.574896860695935,0
0.008128303687998672,-0.031164795320035712,8,-0.8309930207922662,0
0.009085394591927873,-0.03174511821050385,8,-7.023247832933839,0
0.009735015174665186,-0.031194619044375555,8,-5.891440345831915,0
0.008833811359453873,-0.031381105913082075,8,0.1389232621515475,0
0.003942466639612918,-0.03099933452281573,8,6.174141289432373,0
0.0018432332689095456,-0.031064525350087586,8,0.3287130918929961,0
0.0014625503108250573,-0.03019381234972137,8,2.828252982128288,0
0.0009635265853409264,-0.02969289931101775,8,-1.773822003894202,0
0.0005386873575122462,-0.028570494875878667,8,0.5512730033620301,0
0.0007993110280156478,-0.02927830095268923,8,-2.1775744130366093,0
0.0010854330634804431,-0.029748990085692675,8,0.6619474758992965,0
0.00035373898116629115,-0.029607777289203437,8,4.669053194163598,0
0.0020047927315900256,-0.030565853578581416,8,-0.8531592115177318,0
0.0019093037096735304,-0.03113401025957584,8,5.144768603305238,0
0.0034741930316513577,-0.031316792580837034,8,-3.889709092733574,0
0.004081168921845878,-0.03225439959220303,8,-1.482269262807995,0
0.008842786404560307,-0.03260591024061514,8,-9.06763009230599,0
0.005889523238472813,-0.03247572821052062,8,0.2700337271986427,0
0.0062977668174769635,-0.032338866268316085,8,-7.649435063792362,0
0.006840029299603689,-0.03299943103339096,8,-2.4552699615110214,0
0.006205003746625033,-0.032767969064121806,8,3.470616108190052,0
0.004818755958462021,-0.03270953666562836,8,2.181089029536724,0
0.0019543579871394543,-0.031323763991869744,8,7.292015791204676,0
0.006201315779739109,-0.032295688720495756,8,-2.975333107654296,0
0.006154172656094685,-0.03276583608678403,8,5.958555298720512,0
0.0058852092595973295,-0.03231445556949543,8,-4.687500400393037,0
0.004731000089899402,-0.03222043574907561,8,3.114778720869572,0
0.003224781735171149,-0.03148002055525237,8,4.279938447343193,0
0.0027793552680127906,-0.031272142882497696,8,2.84710606508188,0
0.003941108643548619,-0.030623423239727842,8,0.4258673912465838,0
0.009471753870590268,-0.03130941535813268,8,0.521609272707974,0
0.013051955697727295,-0.02972961932470801,8,-11.694634343455345,0
0.014089767860931857,-0.028468938938838603,8,-21.910977084826527,0
0.014146612375562102,-0.026034885546359472,8,-41.39661558586658,0
0.017310835315869737,-0.024691225251338003,8,-62.59760463847548,0
0.017871081792375752,-0.023746604486209234,8,-86.46448122134613,3
0.01961889526165724,-0.01995788352479629,8,-74.27292527402908,3
0.019053091182512152,-0.02031750930574141,8,-74.27292527402908,3
0.019169193815028462,-0.022104332339921644,8,-62.86637453811014,3
0.014499368987305207,-0.0259945220856847,8,-51.81609239534578,0
0.013709854580377856,-0.025090992335315497,8,-27.185778010042384,0
0.014240815837605659,-0.028729928469666637,8,-26.828488360983897,0
0.01270939309213352,-0.031214366943232666,8,-16.11792712782012,0
0.012251460775687385,-0.03169931087546538,8,-1.9520473697299168,0
0.008732234343933025,-0.0322388604213471,8,-0.4810703592630944,0
0.01073326874754172,-0.031679523595816744,8,-1.0793696909968276,0
0.009746761701971323,-0.03155890567793963,8,-0.1173989351559157,0
0.012950369704913511,-0.03069960661173541,8,-6.173206102814447,0
0.011847879455078852,-0.030963344163026832,8,4.646803885122836,0
0.013639102960992468,-0.030121848874422652,8,-5.705308742941497,0
0.013119366090515264,-0.030774233972939664,8,-0.1150525981865939,0
0.013209766615561365,-0.030110496718922988,8,2.860947541656924,0
0.012469304203579204,-0.028058834322383867,8,-19.15817833715496,0
0.011211417924204516,-0.026403139643382173,8,-32.30769256217633,0
0.010611015340173112,-0.028900190504883277,8,-50.28591234525561,0
0.010217262091228911,-0.030543305007456206,8,-62.31454230167708,0
0.01042653036867948,-0.029273368663616572,8,-72.70182490289397,0
0.009614333496682868,-0.030667273402456226,8,-31.97692416398189,0
0.012501399650027853,-0.031599177892433716,8,-35.91126289616168,0
0.01336777201320783,-0.030786675494623984,8,-9.973173557090604,0
0.014343189871211784,-0.028338756898803434,8,-6.455443073460811,0
0.014512679290539397,-0.026040459723863967,8,-1.9848624811935447,0
0.014387297870962911,-0.022553990060301243,8,-35.95976616443011,0
0.014588662319054896,-0.022427248054147784,8,-34.13149888762416,0
0.025798676147322758,-0.018051936745349766,9,-25.22987224919666,3
0.022875156938537446,-0.01778658554462837,9,-19.85250220436853,3
0.025269559039937342,-0.018963910858039543,9,-5.049451560582611,3
0.025708317636368716,-0.018735052741517617,9,-5.9402168792759085,3
0.02545356555120571,-0.018889866037980794,9,-5.773440403200311,3
0.025846684465909806,-0.01918873301996852,9,-8.433578490908303,3
0.026427598932196573,-0.01933014740721408,9,3.961181332633214,3
0.025772441529188648,-0.019030586309469855,9,-2.3718836858358374,3
0.02590174063124804,-0.01886238862492079,9,-0.5963788594619928,3
0.025486139605253533,-0.01842363388005679,9,0.7356381214334761,3
0.02578465597204872,-0.018832931604259938,9,8.079839146723998,3
0.0258891111931172,-0.019100785207933086,9,3.525577287382248,3
0.026529201170794,-0.019333511767160423,9,1.5107477332725012,3
0.02713989055161022,-0.0193436952753879,9,0.5912827554604518,3
0.02727555764745349,-0.01926970125441758,9,0.4677400042277441,3
0.027494204381802667,-0.01939675399957649,9,-0.518221801866457,3
0.022828467234912067,-0.01985649434924794,9,-3.104350200089084,3
0.021805574157225845,-0.020298366851753468,9,-2.082984461523301,3
0.021718135019599766,-0.01986234220280138,9,-6.359007057961025,3
0.020964353628598505,-0.019772437720961065,9,-9.078105522002716,3
0.020433262827217365,-0.019403486197283965,9,6.070330321179699,3
0.023059576362994036,-0.01863500830132339,9,1.8038121442856665,3
0.021684212685386128,-0.01703857207254062,9,-7.08612088082823,3
0.024275441009370343,-0.01743945542903244,9,-2.809729900695129,3
0.027698710692173507,-0.019033761176263205,9,8.431761140014533,3
0.02726574360792455,-0.01951822984116091,9,-8.987254634619784,3
0.026870687978866107,-0.019499276417108594,9,7.287175558028503,3
0.027248989069808088,-0.019571196288295477,9,9.099011608453791,3
0.025668595398055515,-0.019643969224801425,9,9.906442813116428,3
0.026391752287259967,-0.019613434563584758,9,0.4362495509261862,3
0.024543445253414193,-0.019482618153581224,9,4.511146886891493,3
0.02823757774819524,-0.01924170771062849,9,-12.449361345910985,3
0.027803796050009228,-0.019602730429655362,9,-3.513566436324936,3
0.028754383895547107,-0.019162021166848724,9,-3.997123437028358,3
0.029650450632196495,-0.01851172860686188,9,-3.041595480662818,3
0.02994341354828136,-0.01963194243124463,9,-7.4127798007622,3
0.028585833868621013,-0.01964762818334184,9,-4.1432738774462,3
0.029118316609577463,-0.019384370097107372,9,-5.684176893761605,3
0.027585927495684198,-0.01971278895477096,9,-4.246585068447075,3
0.02750600206426671,-0.019925979493864397,9,1.7833482867788917,3
0.02696634394647913,-0.02048277601356764,9,-2.1228347802916687,3
0.02848969916356392,-0.020160362962485853,9,-3.035925405918897,3
0.029001367018681234,-0.019979717959602666,9,0.7696136145497803,3
0.029810136559827886,-0.019755782479565394,9,0.0599694687752617,3
0.02983048730930534,-0.019654954447377627,9,-6.879990819287923,3
0.030298893219798943,-0.01971307493269092,9,1.1005584737793923,3
0.030894642929323236,-0.019433402327518178,9,3.021992612243821,3
0.030709952602100993,-0.01950875742448281,9,5.835031009932027,3
0.03208356926623377,-0.01788731485361449,9,9.302398928887532,3
0.03263788986651062,-0.01692466560844233,9,6.6388830087666975,3
0.03438893668355349,-0.01488417702410677,9,8.561219128667426,3
0.03486891576857046,-0.012134600398735974,9,5.765893443317919,3
0.03509999821584517,-0.011022767416815068,9,0.5960725705640926,3
0.03469733962544632,-0.011206420036143616,9,-3.3661618425683173,3
0.03509226233042104,-0.011337484073506418,9,0.52317927166755,3
0.035076657759136584,-0.012311666113142156,9,-2.8918355879983664,3
0.03573426550258954,-0.012875803456778911,9,-1.4362001601732572,3
0.0357010851640663,-0.013791520102258528,9,-1.0332223788315331,3
0.035289745858893606,-0.014197671640385752,9,1.3169936462546048,3
0.03521039336032641,-0.014193973059950451,9,-2.7532310836470515,3
0.0352216941024232,-0.013835187930607555,9,3.368491019773683,3
0.034966327179820254,-0.014241410970277323,9,-0.0298884588843066,3
0.03499837636077319,-0.011120663031173945,9,-16.33575326444293,3
0.035017612023630414,-0.009601989479663457,9,-17.70188171849959,3
0.033714270149762575,-0.007325381344857892,9,-15.357638660738669,3
0.031897352805588405,-0.006480583988537337,9,-21.147987304849813,3
0.025689674618298377,-0.003542032745276958,9,-17.66085281545138,3
0.025681475416210707,-0.0037583890959687295,9,-1.0789215807003985,3
0.026538751857386623,-0.0038536709217981517,9,0.9118788385784684,3
0.027018463111686628,-0.00409440167892977,9,-0.6332058128658445,3
0.033599425427767594,-0.007250723459898286,9,15.770157483482354,3
0.034454154601833084,-0.007607773655603614,9,16.04209199938896,3
0.0351555762479892,-0.010244654043813134,9,15.823506375424312,3
0.035012658785264696,-0.013995545622308881,9,13.734409405226462,3
0.03539216684390923,-0.012940757447093144,9,-1.4549868999036335,3
0.03531010779921765,-0.009974054351199491,9,-16.206723524408925,3
0.035092136871217795,-0.0103349587674375,9,-2.217877898880352,3
0.033985786508298525,-0.007546712502315891,9,-18.8676212603026,3
0.03396937871111785,-0.007563120609284794,9,-2.464571419879803,3
0.03392383206496763,-0.007269813756469617,9,1.1048346817789023,3
0.03375668933697685,-0.007604885908978048,9,-2.796332991850249,3
0.03347620315779578,-0.007201031522407494,9,-17.75558169204087,3
0.03384445668323486,-0.0071166230960761625,9,-0.3740675383233111,3
0.03028219598059498,-0.005622067533903883,9,-19.80967413138135,3
0.03264130213095392,-0.007210634208411476,9,-13.892228548445996,3
0.034890529450964915,-0.010061967091432781,9,15.24270702707281,3
0.034934102328043,-0.013828131260602271,9,14.679370690776524,3
0.033180779012272184,-0.016403828137327315,9,-8.044415765929443,3
0.03291204752518656,-0.01638660438475549,9,0.2492094941600726,3
0.03343302284155657,-0.015833057649674343,9,1.2287692780975932,3
0.03503117432106281,-0.013375058051628827,9,-25.322780714224017,3
0.03429791501044673,-0.013526380280244091,9,-24.850133334140832,3
0.03351528487421537,-0.01581314224879344,9,2.793146292069923,3
0.028374018672413914,-0.019479180892861214,9,7.7636701362870095,3
0.02609828213811394,-0.02123814840268415,9,-1.6393942527555736,3
0.024960034040624676,-0.021567173045718594,9,-1.5681881000517932,3
0.025100711280217562,-0.02150364898269632,9,-0.7753443944414812,3
0.02455883155655455,-0.02159114072011412,9,-7.207511657536361,3
0.0286938068248805,-0.019293673274392686,9,-17.922957022284415,3
-0.028485660816574696,0.022107143463257924,10,-25.48163937687241,2
-0.025493969332823246,0.02615327365058658,10,-12.45904243396808,2
-0.026116315897134916,0.02534992445084482,10,-4.238722865024973,2
-0.025471626741600507,0.026258749513746526,10,-4.019639618765183,2
-0.027158629358458992,0.022475382049694244,10,-3.715368167641509,2
-0.02755394489837274,0.017605126444241077,10,-1.210594477387076,2
-0.026436412967981653,0.011052746997506446,10,1.521245623628579,2
-0.025150356298290866,0.00516126879161536,10,-5.48485384674234,4
-0.020936796790711004,-0.0007286753972750008,10,-4.795726348629296,4
-0.020436608186048536,0.0008871085641362382,10,-4.884043869163156,4
-0.018006227308356958,-0.00034491146368069203,10,-2.991542432320398,4
-0.014240825071867576,-0.003655906508738197,10,-4.403076498469704,4
-0.013899672950238228,-0.005173712158084615,10,-0.0841671898130926,4
-0.01784629985618613,-0.003741269663666033,10,4.308974876801562,4
-0.01869835659635602,-0.003919083138777018,10,3.186946806003925,4
-0.022176157783841993,-0.0034004063269391684,10,2.7898374970799296,4
-0.023646415883123283,-0.002671940606335479,10,1.3548607422856775,4
-0.026098840019270896,0.00028557138114130757,10,4.342252902952782,4
-0.023805379311551918,-0.003040469084998801,10,-2.0211840032749024,4
-0.02346450762757091,-0.006532219323215322,10,-1.324652387349738,4
-0.02467723665930468,-0.004190744929272615,10,7.301881224736121,4
-0.0262401379087678,-0.000680999334691921,10,1.7156593460575775,4
-0.026379964434407287,0.00039136167111429793,10,-10.269462680238234,4
-0.026338550026793296,-0.0010585059668571809,10,-2.8550250190449105,4
-0.027701485834902777,0.0031534785219842075,10,0.0653626231607631,4
-0.029052012794815854,0.007549944430963668,10,-9.447246508260536,4
-0.027556609063953193,0.002949365200720027,10,4.179163190800227,4
-0.02731750908099431,0.0004139906035593079,10,7.874241292603915,4
-0.02777813088060486,0.0037908539440398075,10,1.5883124740737913,4
-0.026903031296418703,0.0020351986819236493,10,-0.0002356878797399,4
-0.025623505743272754,-0.0013689648367063993,10,0.3072041696000724,4
-0.027858119408744914,0.000993122134942438,10,-6.597646960567454,4
-0.02774480990951929,0.0006464050955760219,10,-2.477379495491209,4
-0.028201252086863235,-0.000621993201350436,10,-1.2264643969097275,4
-0.02884976296394396,0.0003264730795878186,10,-0.9377459523928792,4
-0.0295358189240577,0.006380080640389379,10,-1.7359596092336005,4
-0.029217132497932504,0.013668797826004653,10,-2.6020437858901686,2
-0.0283536297404273,0.015968793481080063,10,-5.043119428752675,2
-0.025814796694013382,0.014838385913160472,10,-5.461267932385044,2
-0.023442868933283883,0.01262780741772166,10,-2.4559284816456737,2
-0.01927106997431585,0.0062075916492981675,10,-0.9795895346379894,4
-0.01695899527101608,0.0036268219327694035,10,-2.960133489435839,4
-0.01505944265854085,0.0013267129275850952,10,1.86921505649666,4
-0.01116400624396877,-0.0026010426495349562,10,-0.182837381493573,4
-0.009681535135712706,-0.0037667496381724296,10,-4.890519071844506,4
-0.010297992521868294,-0.003289655495153521,10,-2.576580976676155,4
-0.010697580908308964,-0.004060934533302536,10,-3.488400465882978,4
-0.012042182549186835,-0.0047551302580123465,10,1.509136115537649,4
-0.013648515264265446,-0.005142206257975759,10,8.69212791688758,4
-0.01785791123146988,-0.004140246283788701,10,3.4211015931645306,4
-0.015429605269351917,-0.006136389597296731,10,-1.0994069501286732,4
-0.018439814671308674,-0.001295788410315282,10,-1.9714864758827388,4
-0.020765683186589848,0.004745015689530655,10,-6.38235306671354,4
-0.022387698351859824,0.009270880744766572,10,-10.160749757038138,4
-0.022998416771687402,0.01264643960048031,10,-6.229356510683556,2
-0.025535592263371567,0.01161278651053585,10,3.379931833384944,2
-0.025593466110999757,0.012819015244552544,10,-0.3928326581063402,2
-0.026651894052142047,0.007547251519085182,10,0.1098603104155245,4
-0.027127652717055247,0.0008732886403971468,10,6.519154588097058,4
-0.026646336330076115,-0.001699982267992881,10,3.662940695615384,4
-0.024993925607839557,-0.001399686272105859,10,1.76635718401169,4
-0.02262413032181037,-0.005169365878248725,10,-1.0383390156334371,4
-0.017331871836473927,-0.007560537896118866,10,-1.3953818445300612,4
-0.013872496501576808,-0.006096656663056161,10,-9.11379957397894,4
-0.01532341308359736,-0.004711960608718233,10,-6.199226466983032,4
-0.015334919302856992,-0.0047701857340643914,10,-8.453585040633971,4
-0.014039164066030667,-0.005293929257864325,10,-4.9692141313556935,4
-0.014728888194050889,-0.004020019623133494,10,-4.3311960578250135,4
-0.01263437866291692,-0.007505824170983363,10,4.2206515275544,4
-0.008464578617261525,-0.010108280228915916,10,0.5666265285321742,0
-0.008633204654643392,-0.009237284787213836,10,-4.495099116667848,4
-0.004596143481457692,-0.012156574432654974,10,3.105224862365481,0
-0.001997612571073825,-0.012364175702175545,10,-1.5450680337783296,0
-0.0015915386103834484,-0.01153071135212762,10,-6.510825742835777,0
-0.001972537094328065,-0.01176971607758989,10,0.2475873158619378,0
-0.0026437790108149394,-0.011339880356456637,10,-3.587704963129249,0
-0.0025706489223354576,-0.011628930997002119,10,1.288031271778891,0
-0.003333183050811251,-0.012686989793098083,10,3.8061454697592807,0
-0.0031292302081099717,-0.012585833013699345,10,0.7449260967156534,0
-0.002468052465890851,-0.01261182736188615,10,0.5426449022356337,0
-0.0026362674389966054,-0.013187989625443977,10,5.080998290888374,0
-0.005037268070033735,-0.012069939869605983,10,-0.3622611834611689,0
-0.008811678980834308,-0.010990468865420924,10,1.9625025076776184,0
-0.014213776662915487,-0.006620084961882415,10,-1.7491875566493718,4
-0.02071045400138734,0.0002874589843452995,10,-6.86269412155666,4
-0.023812158234233573,0.0100183139691871,10,-4.663509522319146,4
-0.02406353656316838,0.006719717605364203,10,-0.2375430478402677,4
-0.024186208539324384,0.014235452852713182,10,-8.119637388331217,2
-0.02386052562291253,0.011475865361617437,10,-0.7119510230749256,2
-0.02371138783325876,0.010916337869214962,10,-0.9668837187329018,2
-0.02297445031783577,0.007314830967824673,10,-1.9098454898926092,4
-0.02291340908048414,0.011686340161843568,10,-7.379812072102982,2
-0.02375388502860129,0.008044495224801364,10,8.664292705813523,4
-0.02385333531731546,0.010429325128849832,10,-6.340503277400671,4
-0.025022496317101767,0.015354692444545145,10,3.057659730899809,2
-0.024902228130115164,0.013331056713748481,10,-1.4438080748758693,2
-0.024304492226407036,0.010379169885064658,10,-2.563406156894575,4
-0.01921425263151985,0.00626799850913981,10,-12.494322439070745,4
-0.01811925617925686,0.004647963982220982,10,-1.4762011141895073,4
-0.011695525484038634,0.04189235266763129,11,-3.119650227616773,2
-0.010829398134059356,0.0438123094919079,11,-3.4402783331954367,2
-0.010729332189275364,0.043526641302246524,11,-3.109159052749665,2
-0.01089002586461011,0.04353535683122226,11,-3.725501593543669,2
-0.011032118843309595,0.04372940948012322,11,-2.775176775558464,2
-0.010851844896499803,0.044117922862542396,11,-2.464746244845776,2
-0.010929342521976998,0.04369590118520992,11,-1.7759758814763984,2
-0.010945014380361252,0.043173523567601665,11,-2.208676299270593,2
-0.010924820055106024,0.04355762092183611,11,-0.7497520521113643,2
-0.010871679774032262,0.04346750708448235,11,-2.156589032733359,2
-0.010931384399231093,0.04375523708250339,11,-2.433183500739756,2
-0.010806236089306153,0.04419790444422926,11,-1.8733076570955065,2
-0.010748839527187264,0.044082154664599624,11,-1.7342504497411084,2
-0.010631003056588626,0.04378114179964885,11,-2.986210541081937,2
-0.010558099520823157,0.04403056747986192,11,-1.9127037346656324,2
-0.010695547828186014,0.04409344569665836,11,-2.064273404562755,2
-0.010987137666378809,0.04380208535596428,11,-3.800809148748312,2
-0.011080126877430227,0.0437750457977961,11,-3.132691888166795,2
-0.011259400040551287,0.043416120807599094,11,-2.6534333852538565,2
-0.011895841872734346,0.04229069616973682,11,-3.167075835820879,2
-0.012544658049749061,0.04166270776193242,11,-2.5224519680429127,2
-0.011959600553964087,0.04271341896480919,11,-1.6370253006020503,2
-0.013701337428278594,0.03976425269812745,11,-2.0772130899059618,2
-0.014566509770050735,0.03841819611856115,11,-1.1007798312232864,2
-0.016272655590413018,0.03489304138623989,11,-0.464644027529198,2
-0.017765248253789518,0.03106334889219516,11,-0.9308288055085427,2
-0.018357621215897714,0.028526710882882354,11,-0.1159862846642454,2
-0.018657046050146214,0.027881057208893046,11,0.6382740028369767,2
-0.018990629421566433,0.026785787377539266,11,0.3099196180773901,2
-0.01908569133441112,0.026224849127867888,11,-0.0723405540535736,2
-0.018476427150028514,0.02718925768968919,11,-0.2907684264398767,2
-0.018533503080635713,0.02710032510934086,11,-1.418789882742385,2
-0.017902614528619413,0.028503521126160326,11,-2.2163687438802757,2
-0.01815564712892749,0.027433482794552336,11,-2.1634366880441744,2
-0.01810370207303232,0.02641331195287529,11,-2.2018919507907584,2
-0.017376754528144654,0.02305955523533349,11,-1.8034784856748327,2
-0.018326494908490705,0.018182240892766845,11,-0.6349776706398529,2
-0.017245244439646385,0.013986672709398093,11,-0.1505680673967617,2
-0.016984382231287683,0.015051554206518618,11,-1.068971571663485,2
-0.01784229226817564,0.017857847922042203,11,-1.767311921699053,2
-0.017548870403119927,0.019439146379298285,11,-1.698307672795789,2
-0.017391497695444916,0.021183950677001906,11,-2.706828276311711,2
-0.01735386964112062,0.02216252265573782,11,-1.997904210765648,2
-0.017183305590882016,0.023283002041356443,11,-2.794146306207318,2
-0.01703681666719726,0.023687853061624662,11,-2.6791016289231377,2
-0.017118443082212678,0.023694267535724435,11,-1.118925444060676,2
-0.01717020133633229,0.023273044820684256,11,-0.4676763789811161,2
-0.017158417054033658,0.023604967390995216,11,-1.764424506407596,2
-0.01714541252428522,0.022701444396632887,11,-0.51407785655108,2
0.05436880074327695,0.041107250983579424,12,3.670938129786464,1
0.05421603783385471,0.041637422268669365,12,0.3721142860309783,1
0.05428234684362377,0.042040582833657573,12,-1.1803901311753104,1
0.054380252520337326,0.042327656079659215,12,-0.9840824738486448,1
0.05432792163682682,0.0421865901079343,12,-1.6428007445807224,1
0.05448452258461812,0.042935608259617564,12,-3.3602034083037777,1
0.05413385149671237,0.04353354730523308,12,-1.5200313424560818,1
0.05444719249693522,0.04349189070806926,12,-1.825885219367842,1
0.05431241655392848,0.04381130254135754,12,-0.9384761264019288,1
0.05380027149019993,0.0427675226555843,12,0.4935830256609733,1
0.05449545893892934,0.04216974870719957,12,1.6399967541668503,1
0.05383196022349009,0.0414383850098925,12,0.0523175597327281,1
0.054220253734168965,0.041164687382273954,12,1.737108897052599,1
0.05456254493762515,0.040561171460580886,12,1.7089063340554955,1
0.05437057914692576,0.04091526814282651,12,-0.171135608622103,1
0.05414842463917918,0.04151126476700085,12,-0.4605517927113169,1
0.01780864099403719,-0.0006637409240269637,14,-46.06803107846349,3
0.01722028002524112,0.0013992168089183234,14,-33.933078044460785,3
0.01557026038047285,0.0031461846770786408,14,-24.182912714433087,3
0.015607715978241244,0.003484093619163246,14,-16.56917290166834,3
0.016902894670988627,0.0019348516534297595,14,-35.42621226570596,3
0.017087413108215526,0.0016357897434344036,14,-24.176970533240524,3
0.022120448263693887,-0.011321359978635674,40,142.86636897871995,3
0.03256267210886349,0.0011337533788770213,40,124.4427819306962,3
0.038532058460179645,0.003129086612212765,40,82.63442445143164,3
0.04173449790502725,0.005454974891489085,40,81.37953831787195,3
0.0472599370829743,0.01151556642876473,40,64.65975655906061,1
0.0545771601379404,0.024750999137605773,40,35.713859657473655,1
0.0551286435533803,0.03532529696643763,40,14.911522430677724,1
0.05408246405317283,0.041185757353287514,40,14.58111519657091,1
0.05472073797412516,0.040373998676970016,40,-0.2897690993591595,1
0.05538929862966254,0.03228401502189922,40,-14.845160880660751,1
0.055296052837127484,0.03371250995972976,40,-0.1098506476735565,1
0.054963417825012045,0.033663716640706276,40,-0.7220562524404386,1
0.05525127637414623,0.03417850219801307,40,-0.3181080605353145,1
0.05520778238238081,0.036723324878566325,40,-2.160055755622557,1
0.054391447326110086,0.04201525192200004,40,12.973434889515806,1
0.0542001767268679,0.04136764498457756,40,-0.2381464558715379,1
0.05445132898242279,0.04239202332174164,40,-3.776838555141694,1
0.053817552364254374,0.043791528593089844,40,-4.411460046298703,1
0.05384395326756039,0.04413491688044193,40,-2.209346318872781,1
0.053984275721178185,0.044574943513780114,40,-2.0755750636153154,1
0.05380613774502356,0.04425590254417759,40,-2.8504007242001763,1
0.05372116046802393,0.04426805632466392,40,1.2530406580734053,1
0.053885959930038314,0.04443257046775569,40,2.638722266351556,1
0.054168793841735834,0.04445317551814474,40,-0.9720120652610376,1
0.05389567426988082,0.04410220395290851,40,-0.9626348406125316,1
0.05389195596797252,0.043342385697831345,40,-1.6698479779392528,1
0.05448755569190951,0.043696597259355485,40,-0.2174111669417243,1
0.05447914913930434,0.04120191964223234,40,2.5661434426428515,1
0.054003735573622896,0.041524947437060464,40,2.433806931915433,1
0.055497814646837285,0.03196347876773516,40,3.73972141215238,1
0.055118552117210125,0.02741648346153568,40,1.2784145352092764,1
0.055165058494242934,0.025842834728351086,40,-0.040082463515705,1
0.05453172748172264,0.025193567388744845,40,-4.186183535830788,1
0.053437132537708446,0.021589428442096697,40,0.9460260048247846,1
0.05421598694008595,0.023514278048828722,40,1.5043424215970618,1
0.05396791625229275,0.021782644710796075,40,0.9742502886567536,1
0.05340108569723563,0.02144552927431608,40,-1.5686288023375936,1
0.0539110016253386,0.021887657849349068,40,3.033447139629743,1
0.05390405754552739,0.02266756610001874,40,-3.7089086252301513,1
0.053603471598671605,0.021837335560093873,40,-5.427319166500183,1
0.05421530949237344,0.023051693033180515,40,-3.0637217154658174,1
0.054347788303567866,0.023634562437699562,40,-1.2702823451152423,1
0.05409991801530905,0.02282303068443094,40,-4.326342774212094,1
0.05397025655175372,0.022690142266002557,40,0.3960679633783684,1
0.05424697390554444,0.023220113362015227,40,0.4522773367466016,1
0.05409868781042588,0.02346262780691917,40,-0.9368975092235589,1
0.053490489557084984,0.021574056093364352,40,-9.323788482927512,1
0.05342129015596965,0.021200700176590544,40,-9.879451134934516,1
0.05309878017474712,0.020374866920068235,40,-11.343376838590416,1
0.051370736807846235,0.01651644509528372,40,-12.756164739044834,1
0.049808031236159504,0.014439387750821868,40,-9.487291204667462,1
0.04885308670650831,0.013698218582399974,40,-0.1175524890893029,1
0.04992035270641757,0.01491670262800678,40,10.256643922528657,1
0.05126862917173467,0.016867222881935044,40,9.718807156956084,1
0.05148585185882252,0.016955945011974918,40,0.8205023578920191,1
0.051773387302552036,0.017855766991625575,40,-0.3771857056461385,1
0.0520003726651799,0.01765221072590876,40,-3.1572939334936336,1
0.05080526862138023,0.0158637944404598,40,-11.278676087993633,1
0.012478139631896774,0.0039155501855615196,43,-3.032179061837724,3
0.013450054875599474,0.0036426549943395915,43,-5.041401507368533,3
0.01427392345484458,0.0034076365554357147,43,8.879065661754302,3
0.01577387147783626,0.003096981972237318,43,17.02678304359098,3
0.015076377575722964,0.0034080831123780844,43,12.051971833758852,3
0.01645811640816503,0.0029112335003082593,43,11.794574306595155,3
0.017536882102283713,0.0018889910121677913,43,8.622793924709992,3
-0.026696136858890492,-0.006819833562901607,56,36.145080702214045,4
-0.018766882728657393,-0.014654290400615496,56,2.0211523806642617,4
-0.016988631851408646,-0.01453545863807623,56,6.389186556715004,4
-0.018119382992325312,-0.01328895449664385,56,7.330432776143994,4
-0.01900060491584087,-0.014182678749414096,56,5.058357150279107,4
-0.019235933764875524,-0.014320809113112159,56,0.3463840388880726,4
-0.02207209520201464,-0.012762329512385092,56,4.500313487788344,4
-0.02338664870180585,-0.011733757038131355,56,1.1738173913513492,4
-0.02229139935828432,-0.012337109837946083,56,-0.9624744281345556,4
-0.023482876175379534,-0.01146758554356291,56,0.0030075383795065,4
-0.02261958623720554,-0.012806016380729524,56,-1.938840256868116,4
-0.02740629593836072,-0.004331868682339088,56,1.9448061304309705,4
-0.027412698252817707,-0.0011252699153848928,56,-3.4319970972137077,4
-0.02620105526224638,4.560203734705622e-05,56,-2.526967807686288,4
-0.02258400284759743,-0.0006211198049740771,56,-4.605795433701951,4
-0.020427452261257553,-0.0014831404892509043,56,-6.027554047239801,4
-0.021841625553926797,0.00031149094719974544,56,1.2833855343443248,4
-0.024057716307814545,0.005083420599033572,56,2.1433108186136907,4
-0.024684886140239472,0.010404629364039906,56,4.203723901479544,4
-0.026954538092888374,0.006495061283499255,56,2.310935185209656,4
-0.027523536470404245,0.004256313952527123,56,1.178546755442494,4
-0.022111033394129054,-0.010047448263979663,56,-7.858200500551493,4
-0.02005899388305762,-0.013992880361012636,56,2.1921215865746944,4
-0.018491405097954477,-0.015523186173367709,56,-3.158543667405593,4
-0.020472553440897462,-0.014144863849328853,56,1.7705832066546918,4
-0.02142866501218044,-0.013093808371197276,56,1.2375795505469795,4
-0.0113441498084561,0.012112439743061615,57,37.773385313722656,2
0.008061624344323517,0.004278443574719998,57,-5.653097341259695,3
0.011744619289257702,0.0036643427270622577,57,-2.554579121986459,3
0.014997565748337301,0.002436665806954459,57,5.745556089965703,3
0.015747416712095105,0.0012039178628381474,57,-2.903664869138356,3
0.017006362074940096,-0.0035460332767729545,57,-13.249309751141665,3
0.016636878721822318,-0.004027753596452481,57,-0.9097379523689142,3
0.016208090661096054,-0.003994213792619854,57,1.0009459456068726,3
0.016756881241262827,-0.0032589121380038055,57,-3.930748739808223,3
0.01756782705853937,-0.0010241455654364246,57,6.948001662937623,3
0.017172207657225987,-8.874716646638034e-06,57,11.135514995789435,3
0.011726119684912172,0.0036059532540487272,57,15.810456276122476,3
0.010836413941292049,0.0038563678662211854,57,2.469975954722031,3
0.011074988278216381,0.003951796003730232,57,2.169782037336609,3
0.01147583960657566,0.0037527936641825765,57,-8.3914241180908,3
0.010714063815203756,0.004030901418356793,57,-4.829533257466847,3
0.00851536480405152,0.004643225466675216,57,9.173320358910312,3
0.008546981121076994,0.004467870598819895,57,-5.657533268636689,3
0.00904838882120086,0.004103583664994629,57,-2.375921287028177,3
0.015002660683163556,0.0001272793749912814,72,-8.364372909123233,3
0.010144697973058576,-0.010788883051483324,72,-34.9026876166284,0
0.009343713367674252,-0.010745932807910223,72,-22.36179174441893,0
0.008809008222030639,-0.010965645156258325,72,-18.87450629302311,0
0.008221455697829016,-0.011091648108565713,72,-18.677730695507,0
0.007230577765034045,-0.01115817072691505,72,-17.232438337505993,0
0.007088119133135198,-0.01098482629376135,72,-2.29755503667642,0
0.0069634729497389004,-0.010993270747536537,72,-3.588048631850967,0
-0.02192864608995836,0.02667176835833949,94,8.752709754354669,2
-0.023762526279394184,0.028343517310643142,94,10.558343708734242,2
-0.022055284203300725,0.030498080927929994,94,-0.1295859391767256,2
-0.02183072965356177,0.029521547031953466,94,-2.068274487594067,2
-0.022139485750157607,0.026364593805783917,94,0.598603022834277,2
-0.022519614723346893,0.017048328551367554,94,1.0479832971449925,2
-0.02055424692649651,0.011227553875384976,94,-12.458597517445584,2
-0.020519898220630366,0.010539163770106792,94,-8.425132059639441,4
-0.02073428761571953,0.012457286739962726,94,-6.447399558051552,2
-0.020189280529449787,0.023588216678102465,94,-9.058273325071012,2
-0.019252394717837382,0.029773939832124976,94,-11.591091243965616,2
-0.020115128082828147,0.026101101766375943,94,1.793290562213133,2
-0.021857990321225478,0.012304649650862422,94,3.847162499583851,2
-0.021658639127875714,0.01069865192360471,94,-2.1486924890275985,2
-0.02037074750602733,-0.0007270418984863619,94,6.708695913025418,4
-0.016609371444285845,-0.0038189284743037686,94,-1.654175182588324,4
-0.019281540319166568,-0.0006007565039414599,94,-5.94167618598924,4
-0.021747963186431,0.0018730651858352672,94,-8.266907321177268,4
-0.021433851427517518,-0.005074717147157082,94,11.125597006536236,4
-0.022626328066264197,0.004302170517478194,94,-9.503148030918853,4
-0.022883964310575752,0.007870866539275594,94,-0.1079574253377131,4
-0.022023000029282137,0.011294719371182817,94,-2.3383718007661627,2
-0.020856609296347032,0.012104025986526117,94,-3.672349640815946,2
-0.01927123307143768,0.023687911898197484,94,-18.974944413665916,2
-0.02066771546832209,0.022742643329564508,94,-4.573227281819413,2
-0.020490764056555165,0.02528336336639178,94,-4.561840018630733,2
-0.0226140910168665,0.023377240747001128,94,1.4993038393885854,2
-0.0219584970316328,0.02751945225588922,94,-0.7193988708625284,2
-0.02300866871322795,0.02640038609934693,94,0.6149609766892127,2
-0.02264227194500386,0.024116179373748964,94,-1.0514206276393678,2
-0.022573459111594692,0.016968918026798476,94,1.687639884073428,2
-0.02150697432580013,0.014772935298535617,94,-0.089241376411519,2
-0.020292246095951625,0.009699452929742095,94,2.9956408543141606,4
-0.018033419995033332,0.003992989707674628,94,2.584351817626839,4
-0.018600034428908716,0.004093283624571683,94,1.8948208695130464,4
-0.018917615191811652,0.005848734101332045,94,-2.6454070012079685,4
-0.018746390725141653,0.005854523880700266,94,-2.4020486826145087,4
-0.018739089298162002,0.006897687555228558,94,0.7557268381801123,4
-0.018723210682453542,0.007472985605978433,94,4.584934603341094,4
-0.018792499091612465,0.010558467588877423,94,-1.2354254614270983,4
-0.018515145725336492,0.008434568898937003,94,1.1112391557927368,4
-0.018815246283417977,0.005757112345457814,94,0.4511548375074426,4
-0.017605170927391237,0.0019407973466673421,94,-0.9722322690428656,4
-0.017390972060959062,0.0018592229360856916,94,-1.8793395378233757,4
-0.016767477723788095,0.00100679283539442,94,-2.380256530128281,4
-0.02054285661952284,0.0066197968867322725,94,-4.456378851295358,4
-0.02262212007313764,0.012901079258344817,94,-6.540510828712149,2
-0.02227275621806409,0.017546596158044693,94,-5.677264498453314,2
-0.022552029436188954,0.02026591562083956,94,-4.717162703232134,2
-0.023256898387420993,0.019868480049702462,94,-0.5818201376357137,2
-0.022850509438684878,0.015965335049538273,94,-0.8584024680473249,2
-0.021545608997052993,0.011610797939731474,94,7.106478230648304,2
0.01725674326239937,0.0012435766331097581,105,5.201098641402041,3
0.017538989791974033,-0.0004443551263728227,105,-6.545660573607847,3
0.009831080242143894,0.0035980095964971174,105,18.10546785130403,3
0.013204904999644558,0.0025210533744880206,105,-5.946391862421763,3
0.014948951868436089,0.0020588216555483393,105,-4.645071842649122,3
0.014998118800549643,0.0013605225801949956,105,-4.240191384480113,3
0.014831459365102393,0.0024322546388533648,105,2.2871441119468274,3
0.01762560472684598,-0.0001330946693466155,105,-13.33576553991461,3
0.01757226772972211,-0.0004584603565085743,105,-3.3622196264696185,3
0.017982536658343495,-0.00041893096997735134,105,-0.5192716320149884,3
0.014728385101531101,0.0027331148003304456,105,16.84416809134318,3
0.009460680945628514,0.004167441323296952,105,14.078803745456934,3
0.005776606427561,0.005069067628333483,105,16.654608463786055,3
0.0040196008960008975,0.006169232985443048,105,14.17592024463022,3
0.0040846603862820805,0.006024473211149736,105,-0.8205087643021216,3
0.008141530590364382,0.004224240221419081,105,-3.604820265733997,3
0.011993568099217028,0.0037035231722521156,105,-3.855816880062548,3
0.007283488771584438,-0.0008800697700733734,105,31.688071974256765,3
0.004634979741982676,-0.013113189552834676,105,18.65452262581198,0
-0.0041571747806913705,-0.018452345282757153,105,47.9235716186849,0
-0.008238344930524003,-0.02196039836920639,105,19.9904373620408,0
-0.004276958424174973,-0.025967560278591803,105,20.60914836307725,0
-0.0018166279479451088,-0.026329618380756294,105,-4.931426241344252,0
-0.00874369977132958,-0.022329416829190908,105,15.91981993925483,0
-0.008544139883866755,-0.02285030676730113,105,-1.5104450905595967,0
-0.005236621663211473,-0.024407075452330583,105,-8.575785230435486,0
-0.00816387579316468,-0.02042376120609497,105,10.038017487609247,0
-0.008152288055072414,-0.02113001076187017,105,-0.4117071993484387,0
-0.008073719002591361,-0.02074735147087855,105,-0.240855000053807,0
-0.006609644384126681,-0.020479057905831453,105,-0.3741519955841795,0
-0.01130301253237492,-0.016700966836585725,105,18.594392683660864,0
-0.008690254550446405,-0.021631041750288703,105,-17.628265683543578,0
-0.008497670870801116,-0.020819612726238088,105,-0.014650800342315,0
-0.008158021019418957,-0.02057704494602818,105,-0.167750474154036,0
-0.00895705769646591,-0.021530518261210406,105,-0.1110034333034036,0
-0.008643633797501014,-0.021388679425177734,105,0.0819726924592942,0
-0.010861758291984741,-0.01903399504651393,105,18.075213838205173,0
-0.011882955378138048,-0.01908728794143801,105,1.8185786470644871,0
-0.01383152713268845,-0.017855793068883477,105,2.4072672172761487,0
-0.013750999215638918,-0.01759885741056916,105,0.95177815549996,0
-0.016404083769314515,-0.016743729646465477,105,2.061259984240178,4
-0.017110493614686407,-0.016552390285808023,105,-0.0533164966782351,4
-0.014588784062962608,-0.018511816609916208,105,-1.9414413555836745,0
-0.011585112228848048,-0.020693759181910146,105,-2.728042178183114,0
-0.011500923806113431,-0.020900770474285967,105,-0.9442609488744892,0
-0.008624337010789459,-0.02226933330543033,105,-26.73847733727825,0
-0.009189302456988168,-0.02171480520021457,106,-9.460255031845463,0
-0.024361726679854683,-0.004310475167002103,106,5.330355614775954,4
-0.023313947329306448,-0.011863445412051392,106,6.841557002038901,4
-0.014434662533248878,-0.017887300203572827,106,-19.24931871119537,0
-0.012962363579597515,-0.01874605213876235,106,-1.354852313927449,0
-0.01276281405760144,-0.01842547701169475,106,0.6729453746849231,0
-0.01053773834388868,-0.020621991882993497,106,-1.3441016438571296,0
-0.008624390161598192,-0.019600462733507303,106,-3.394289342265483,0
-0.01288823327326395,-0.018118700188622737,106,17.139453020222664,0
-0.012731155294575585,-0.018240479852401018,106,-1.2059120577802331,0
-0.018711382943736355,-0.014699014323227122,106,6.9070026857418725,4
-0.02188690985300555,-0.013020416883878522,106,5.43771110090106,4
-0.024472020494424457,-0.01049502908922872,106,5.4444318421361,4
-0.02451882883802574,-0.010602648447645547,106,-1.5029849134433335,4
-0.024480456510347744,-0.010165665612093214,106,2.625106113895163,4
-0.024832085293679373,-0.010085085519725097,106,-1.122781586060364,4
-0.027328708239326798,-0.0021610336350235703,106,-1.8585647893795796,4
-0.0013900540187151257,-0.008470276547982485,117,-93.6013790761981,0
-0.00033688489148746466,-0.01330342246374615,117,-124.38065800270306,0
-0.006899112073124818,-0.01305640967336205,117,-80.44726209522689,0
-0.009432570051860798,-0.012783895570528874,117,-60.77772206770416,0
-0.010633750916596508,-0.012125622359340053,117,-47.89159724347146,4
-0.01654764099331278,-0.008982781256675912,117,-32.866191491073735,4
-0.019914688164974086,-0.004950268536225684,117,-1.9283152077594197,4
-0.02075115806698105,-0.0047589930989995815,117,-5.846754864025729,4
-0.0205075965674348,-0.005396817996006755,117,-18.3842957892068,4
-0.021715403847982342,-0.004949487748948105,117,-6.81263195825918,4
-0.020894899570150918,-0.003969853714353069,117,-3.1433983024666987,4
-0.020289130769610506,-0.004251736832559704,117,-3.898792714905176,4
-0.020348844840634938,-0.002871314927264981,117,-2.6586740838837613,4
-0.020779393442724715,0.0001691880389579767,117,10.163477028080184,4
-0.020898106982527472,-6.301554564279099e-05,117,-6.247137268344591,4
0.003124652245564812,-0.009661493176326655,121,0.6422108158280935,0
0.003681465868707321,-0.009619576463792003,121,0.1212967926073815,0
-0.003312019070870794,-0.007411337127691684,121,-43.154900506692,0
-0.0017686676428681544,-0.007894773965393155,121,0.1311608174497109,0
-0.0006441702311409006,-0.008629681574878558,121,-0.3322182927858648,0
-0.0005424611179302241,-0.008405321636880788,121,-1.0270332675724148,0
0.0004837069776125074,-0.00920988824451428,121,-1.808042769804888,0
-0.01460554027311136,-0.008920174966785311,127,-12.76106988029585,4
-0.0055882290084325915,-0.012028027359815344,127,-15.808992684687553,0
-0.0030758375258372484,-0.012063017761048752,127,-10.094015674308404,0
-0.001287364163249127,-0.011688848230177318,127,-5.558463433674007,0
-0.0027060838730067656,-0.011937398382222372,127,27.58395543555114,0
-0.007166985923720739,-0.010694015809850976,127,29.745899198001347,0
-0.007974394473527293,-0.01133857793654439,127,23.98372115782731,0
-0.015321821446086823,-0.007374413515895999,127,32.51136431425077,4
-0.023054359825511437,-8.385057970275309e-05,127,33.68350128886586,4
-0.024385342625863022,0.00946609355438508,127,2.307657432695419,4
-0.022521468524333465,0.002660478367362235,127,7.716094454257745,4
-0.022969051711384417,0.01855418631076719,127,11.195936142824255,2
-0.02257269193990696,0.025281318609803476,127,3.251004793496213,2
-0.022428003053654187,0.02550467385370375,127,0.0433736016853799,2
-0.02150604881341413,0.027431409415850583,127,-1.8374545760917955,2
-0.02028176641400166,0.02982540427460612,127,-5.893984426583097,2
-0.02027696011771375,0.02885782919423609,127,-4.370491127936043,2
-0.02188373360178242,0.02268376002952256,127,-13.528495514893212,2
-0.021919698722167976,0.0209523111306485,127,-4.658990973401819,2
-0.022839447729071174,0.011074847547656638,127,-11.317761503215433,2
-0.02359195036696069,0.013028143296463953,127,-3.780184094573383,2
-0.023947438637087617,0.013629488079875747,127,-2.911538160256737,2
-0.022194382496123006,0.021103523337971924,127,4.919146290939944,2
-0.023094033484578242,0.017915538730337497,127,-1.21759932174416,2
-0.02232703374713572,0.022014949896859547,127,7.122247278907571,2
-0.022406440996622087,0.019184772522746096,127,3.857889296841949,2
-0.023633024729722146,0.014396713628060791,127,6.102061887885748,2
-0.02515020138498322,0.001259454927005535,127,-3.993697484997665,4
-0.02564604843059791,0.0011094215069914041,127,1.6041029629647483,4
-0.025789454078305428,0.0013482213824210572,127,0.8019479502640479,4
0.04720309124710935,0.011535971909515469,146,-0.7586769781187286,1
0.047197032542579065,0.011733564805478559,146,1.8604474307629744,1
0.047626426849203506,0.012082563895014088,146,1.45879884669633,1
0.04785382583043974,0.012198840628494015,146,1.776755596245323,1
0.047908966176505176,0.01218888548778513,146,-0.7960820159688865,1
0.0481571259096972,0.012675328990434137,146,0.7826021192101507,1
0.04871807841859267,0.013071402572577608,146,0.7867315105918123,1
0.0479074697965774,0.012610804020952243,146,0.702834265826823,1
0.04799699114447171,0.01244200265291544,146,-0.068312141602928,1
0.048034989030158154,0.01263582236362779,146,4.177350230704451,1
0.048170761433604554,0.012575670797757956,146,1.2918850890714566,1
0.048107859660805725,0.012629251592608744,146,0.6823531561371965,1
0.04813582491206626,0.01243170948310072,146,-2.713410671777228,1
0.04808733923578101,0.012446376433430693,146,-1.6334782432502606,1
0.04802167466448199,0.01250958399194169,146,-4.139408443158527,1
0.04860573764839802,0.012841555094965859,146,-3.2209586240389854,1
0.04842590225030241,0.0125558800219425,146,-4.691970061217785,1
0.04842996747623595,0.01255599938862571,146,-1.0927636349092609,1
0.04809833603611794,0.01234532170087989,146,-2.7402555136369755,1
0.047904465358481405,0.012175733119434656,146,-2.660318862378267,1
0.048195724029381326,0.012377015807141747,146,-3.1234116948023485,1
0.04922510699715861,0.013224661182260409,146,-1.4813591243694415,1
0.04940769042199547,0.013516588367700767,146,-2.253353098934872,1
-0.010657459045113234,0.0011143488417084905,147,30.446254260583828,4
0.0010528445273868482,-0.012119744792912245,147,-22.728342206513844,0
0.000977624859985923,-0.009528500004032912,147,-0.098451661267821,0
0.002513938574303375,-0.011623854129326917,147,-10.672980292462285,0
0.0007558971812636454,-0.011282068663262463,147,6.396886954006414,0
0.0008693755851484202,-0.011906492759058907,147,0.2065542462689791,0
-0.00031744500415604277,-0.010898903929275828,147,5.266354947640229,0
-0.0011998573617266702,-0.010591898204542904,147,-24.811255411096816,0
-0.006210797900450112,-0.0083679619675935,147,-10.891942173887674,0
-0.001663523515191333,-0.011334661859720797,147,-15.000823405631673,0
0.0016397946822607644,-0.011532588899786329,147,-13.67574155001098,0
0.0027272431682555135,-0.011554411969446982,147,-6.211273436592682,0
0.004678196661655888,-0.011485355048879828,147,22.887652820130008,0
0.005825579446965579,-0.01152851449341037,147,19.36619694035876,0
0.00587065863815142,-0.011535568339522786,147,0.5235253635375556,0
0.005839100054845329,-0.01166393359853477,147,-0.9323013387850552,0
0.004189020277931284,-0.01243888948810543,147,4.635255961397616,0
0.003276324838867657,-0.012477397916882713,147,-18.303672652079104,0
0.0055188220539678125,-0.012567159593781373,147,-7.551015367345736,0
0.005848473193340976,-0.00977967606400514,147,-1.167906572163338,0
0.004781305915211717,-0.009490361394200484,147,1.6819079587506167,0
-0.013964710897619685,0.00013964927118411023,154,-1.2501007941323223,4
-0.013721703994021348,-0.0014532589369006404,154,-4.587592593022123,4
-0.015392549129246078,0.0013019170556502625,154,-0.4610903163809325,4
-0.017102533373412474,-0.00023658432831213664,154,0.4088296449952509,4
-0.01805731690604749,0.0014146074781568039,154,-0.3067022197288679,4
-0.020532426824739596,0.0037140915164424766,154,-5.088682060902374,4
-0.017095342442133343,-0.0007288917011016167,154,-8.515255006249253,4
-0.027602115824376827,0.009922627367253955,165,55.43446234794783,4
-0.01236468306621058,-0.002578451978221395,165,-9.486325351166045,4
0.003454601394492085,-0.010228146923502357,165,-56.846440368039566,0
0.007899931797603657,-0.009473019520946445,165,-39.57483027602967,0
0.01134970628424367,-0.00957143348093719,165,-29.21186422082373,3
0.015383924574499734,-0.008032794472376993,165,-33.795945067127626,3
0.0182427410256097,-0.008275542661034153,165,-50.083910258148094,3
0.018423170132058787,-0.008733131676026951,165,-5.376976976174842,3
-0.004836170996409321,-0.012789846932398668,166,19.414896290879824,0
-0.010494735386558145,-0.008975070189246249,166,23.66741342650687,4
-0.005714134626834903,-0.012146221506264224,166,2.0444685686553234,0
-0.00831889067402427,-0.011572193676809606,166,12.218846867112802,0
-0.0076333712730350944,-0.010324228988139091,166,4.520351963857001,0
-0.008020186422893458,-0.009955967533709994,166,0.8651961598121943,0
-0.007052559239739247,-0.01056936315120198,166,-3.4193035723022605,0
-0.009599180961098457,-0.00946025241263392,166,5.071145314609884,4
-0.022787186285085186,-0.0046494237388734596,168,0.7736510102345164,4
-0.02979197299721453,0.015498615913208854,168,-0.0746631626416274,2
-0.028702058716359048,0.02012922573687462,168,-0.1231525247408929,2
-0.028651456401347225,0.019488006805572475,168,-0.2028656750773052,2
-0.029640314716105894,0.018270626263547723,168,-0.3545381137728327,2
-0.02774082738758377,0.022787694297710905,168,0.2566400378710113,2
